X:600;61
Y:680;69
0,0000;0,0000;0,0000;0,0000;
0,0000;-0,0004;10,0000;10,0001;
0,0000;0,0001;20,0000;19,9998;
0,0000;0,0003;30,0000;29,9992;
0,0000;0,0003;40,0000;39,9986;
0,0000;0,0004;50,0000;49,9978;
0,0000;0,0004;60,0000;59,9972;
0,0000;0,0004;70,0000;69,9978;
0,0000;0,0000;80,0000;79,9981;
0,0000;0,0004;90,0000;89,9986;
0,0000;0,0000;100,0000;99,9991;
0,0000;0,0003;110,0000;109,9992;
0,0000;0,0000;120,0000;119,9990;
0,0000;0,0001;130,0000;129,9989;
0,0000;0,0005;140,0000;139,9991;
0,0000;0,0006;150,0000;149,9993;
0,0000;-0,0002;160,0000;159,9988;
0,0000;-0,0002;170,0000;169,9991;
0,0000;0,0000;180,0000;179,9991;
0,0000;-0,0004;190,0000;189,9993;
0,0000;-0,0001;200,0000;199,9996;
0,0000;-0,0004;210,0000;209,9995;
0,0000;-0,0004;220,0000;219,9986;
0,0000;-0,0003;230,0000;229,9981;
0,0000;-0,0006;240,0000;239,9973;
0,0000;-0,0008;250,0000;249,9967;
0,0000;-0,0007;260,0000;259,9961;
0,0000;0,0001;270,0000;269,9964;
0,0000;0,0002;280,0000;279,9962;
0,0000;0,0001;290,0000;289,9967;
0,0000;0,0003;300,0000;299,9967;
0,0000;0,0003;310,0000;309,9967;
0,0000;0,0003;320,0000;319,9959;
0,0000;0,0004;330,0000;329,9953;
0,0000;0,0003;340,0000;339,9945;
0,0000;0,0001;350,0000;349,9942;
0,0000;-0,0001;360,0000;359,9938;
0,0000;0,0002;370,0000;369,9943;
0,0000;0,0004;380,0000;379,9943;
0,0000;0,0004;390,0000;389,9951;
0,0000;0,0002;400,0000;399,9950;
0,0000;0,0002;410,0000;409,9960;
0,0000;0,0002;420,0000;419,9960;
0,0000;0,0003;430,0000;429,9966;
0,0000;0,0005;440,0000;439,9966;
0,0000;0,0014;450,0000;449,9968;
0,0000;0,0015;460,0000;459,9962;
0,0000;0,0012;470,0000;469,9955;
0,0000;0,0013;480,0000;479,9944;
0,0000;0,0014;490,0000;489,9939;
0,0000;0,0018;500,0000;499,9931;
0,0000;0,0023;510,0000;509,9925;
0,0000;0,0017;520,0000;519,9919;
0,0000;0,0019;530,0000;529,9916;
0,0000;0,0016;540,0000;539,9916;
0,0000;0,0011;550,0000;549,9910;
0,0000;0,0014;560,0000;559,9911;
0,0000;0,0020;570,0000;569,9915;
0,0000;0,0021;580,0000;579,9922;
0,0000;0,0016;590,0000;589,9923;
0,0000;0,0018;600,0000;599,9928;
0,0000;0,0006;610,0000;609,9918;
0,0000;0,0011;620,0000;619,9917;
0,0000;0,0010;630,0000;629,9907;
0,0000;0,0001;640,0000;639,9893;
0,0000;-0,0004;650,0000;649,9884;
0,0000;-0,0016;660,0000;659,9870;
0,0000;-0,0015;670,0000;669,9864;
0,0000;-0,0013;680,0000;679,9863;
10,0000;9,9991;0,0000;0,0013;
10,0000;9,9999;10,0000;10,0013;
10,0000;10,0000;20,0000;20,0005;
10,0000;10,0004;30,0000;29,9999;
10,0000;10,0007;40,0000;39,9992;
10,0000;10,0007;50,0000;49,9987;
10,0000;10,0003;60,0000;59,9986;
10,0000;10,0005;70,0000;69,9989;
10,0000;10,0004;80,0000;79,9989;
10,0000;10,0009;90,0000;89,9998;
10,0000;10,0007;100,0000;99,9996;
10,0000;10,0008;110,0000;109,9999;
10,0000;10,0006;120,0000;119,9997;
10,0000;10,0005;130,0000;129,9997;
10,0000;10,0004;140,0000;139,9994;
10,0000;10,0007;150,0000;149,9998;
10,0000;10,0002;160,0000;159,9999;
10,0000;10,0006;170,0000;169,9997;
10,0000;10,0003;180,0000;179,9995;
10,0000;10,0003;190,0000;189,9998;
10,0000;10,0002;200,0000;199,9999;
10,0000;10,0005;210,0000;209,9997;
10,0000;10,0004;220,0000;219,9988;
10,0000;10,0001;230,0000;229,9990;
10,0000;10,0001;240,0000;239,9981;
10,0000;10,0000;250,0000;249,9974;
10,0000;9,9998;260,0000;259,9968;
10,0000;10,0005;270,0000;269,9965;
10,0000;10,0008;280,0000;279,9971;
10,0000;10,0008;290,0000;289,9967;
10,0000;10,0008;300,0000;299,9968;
10,0000;10,0005;310,0000;309,9969;
10,0000;10,0008;320,0000;319,9963;
10,0000;10,0016;330,0000;329,9965;
10,0000;10,0012;340,0000;339,9952;
10,0000;10,0010;350,0000;349,9946;
10,0000;10,0007;360,0000;359,9945;
10,0000;10,0007;370,0000;369,9946;
10,0000;10,0005;380,0000;379,9950;
10,0000;10,0000;390,0000;389,9956;
10,0000;10,0006;400,0000;399,9960;
10,0000;10,0008;410,0000;409,9966;
10,0000;10,0008;420,0000;419,9969;
10,0000;10,0011;430,0000;429,9973;
10,0000;10,0012;440,0000;439,9976;
10,0000;10,0016;450,0000;449,9976;
10,0000;10,0020;460,0000;459,9970;
10,0000;10,0022;470,0000;469,9964;
10,0000;10,0020;480,0000;479,9955;
10,0000;10,0018;490,0000;489,9938;
10,0000;10,0027;500,0000;499,9930;
10,0000;10,0026;510,0000;509,9928;
10,0000;10,0027;520,0000;519,9924;
10,0000;10,0022;530,0000;529,9917;
10,0000;10,0020;540,0000;539,9915;
10,0000;10,0020;550,0000;549,9915;
10,0000;10,0019;560,0000;559,9914;
10,0000;10,0023;570,0000;569,9916;
10,0000;10,0023;580,0000;579,9917;
10,0000;10,0028;590,0000;589,9926;
10,0000;10,0020;600,0000;599,9928;
10,0000;10,0024;610,0000;609,9926;
10,0000;10,0023;620,0000;619,9917;
10,0000;10,0016;630,0000;629,9905;
10,0000;10,0015;640,0000;639,9898;
10,0000;10,0009;650,0000;649,9888;
10,0000;9,9997;660,0000;659,9874;
10,0000;9,9994;670,0000;669,9872;
10,0000;9,9995;680,0000;679,9872;
20,0000;19,9988;0,0000;0,0013;
20,0000;19,9993;10,0000;10,0015;
20,0000;19,9992;20,0000;20,0006;
20,0000;19,9990;30,0000;30,0004;
20,0000;19,9994;40,0000;39,9988;
20,0000;19,9999;50,0000;49,9989;
20,0000;19,9999;60,0000;59,9987;
20,0000;19,9996;70,0000;69,9986;
20,0000;19,9995;80,0000;79,9987;
20,0000;19,9998;90,0000;89,9998;
20,0000;19,9994;100,0000;99,9998;
20,0000;20,0002;110,0000;110,0000;
20,0000;20,0001;120,0000;120,0000;
20,0000;20,0000;130,0000;129,9998;
20,0000;19,9997;140,0000;140,0000;
20,0000;20,0003;150,0000;149,9996;
20,0000;20,0003;160,0000;160,0000;
20,0000;19,9998;170,0000;169,9994;
20,0000;19,9997;180,0000;179,9995;
20,0000;20,0004;190,0000;189,9996;
20,0000;20,0002;200,0000;200,0001;
20,0000;20,0000;210,0000;209,9998;
20,0000;19,9996;220,0000;219,9994;
20,0000;19,9995;230,0000;229,9985;
20,0000;19,9997;240,0000;239,9981;
20,0000;19,9992;250,0000;249,9970;
20,0000;19,9996;260,0000;259,9966;
20,0000;20,0000;270,0000;269,9968;
20,0000;20,0003;280,0000;279,9970;
20,0000;20,0005;290,0000;289,9974;
20,0000;20,0004;300,0000;299,9975;
20,0000;20,0004;310,0000;309,9972;
20,0000;20,0004;320,0000;319,9970;
20,0000;20,0005;330,0000;329,9961;
20,0000;20,0003;340,0000;339,9954;
20,0000;20,0000;350,0000;349,9949;
20,0000;19,9999;360,0000;359,9945;
20,0000;19,9997;370,0000;369,9943;
20,0000;19,9999;380,0000;379,9946;
20,0000;20,0000;390,0000;389,9962;
20,0000;20,0001;400,0000;399,9962;
20,0000;20,0004;410,0000;409,9969;
20,0000;20,0001;420,0000;419,9969;
20,0000;20,0004;430,0000;429,9973;
20,0000;20,0006;440,0000;439,9973;
20,0000;20,0008;450,0000;449,9972;
20,0000;20,0012;460,0000;459,9970;
20,0000;20,0014;470,0000;469,9962;
20,0000;20,0013;480,0000;479,9952;
20,0000;20,0008;490,0000;489,9937;
20,0000;20,0012;500,0000;499,9928;
20,0000;20,0016;510,0000;509,9915;
20,0000;20,0012;520,0000;519,9918;
20,0000;20,0013;530,0000;529,9916;
20,0000;20,0007;540,0000;539,9911;
20,0000;20,0012;550,0000;549,9911;
20,0000;20,0017;560,0000;559,9915;
20,0000;20,0014;570,0000;569,9916;
20,0000;20,0015;580,0000;579,9920;
20,0000;20,0013;590,0000;589,9924;
20,0000;20,0010;600,0000;599,9925;
20,0000;20,0008;610,0000;609,9923;
20,0000;20,0013;620,0000;619,9920;
20,0000;20,0010;630,0000;629,9901;
20,0000;20,0000;640,0000;639,9894;
20,0000;19,9996;650,0000;649,9889;
20,0000;19,9984;660,0000;659,9876;
20,0000;19,9982;670,0000;669,9867;
20,0000;19,9990;680,0000;679,9874;
30,0000;29,9979;0,0000;0,0013;
30,0000;29,9978;10,0000;10,0013;
30,0000;29,9979;20,0000;20,0000;
30,0000;29,9985;30,0000;29,9998;
30,0000;29,9985;40,0000;39,9985;
30,0000;29,9984;50,0000;49,9987;
30,0000;29,9984;60,0000;59,9983;
30,0000;29,9987;70,0000;69,9984;
30,0000;29,9985;80,0000;79,9984;
30,0000;29,9990;90,0000;89,9992;
30,0000;29,9993;100,0000;99,9999;
30,0000;29,9992;110,0000;109,9995;
30,0000;29,9992;120,0000;119,9999;
30,0000;29,9996;130,0000;129,9998;
30,0000;29,9991;140,0000;139,9996;
30,0000;29,9993;150,0000;149,9996;
30,0000;29,9992;160,0000;159,9992;
30,0000;29,9987;170,0000;169,9992;
30,0000;29,9987;180,0000;179,9993;
30,0000;29,9986;190,0000;189,9994;
30,0000;29,9985;200,0000;199,9995;
30,0000;29,9985;210,0000;209,9992;
30,0000;29,9990;220,0000;219,9993;
30,0000;29,9988;230,0000;229,9987;
30,0000;29,9981;240,0000;239,9975;
30,0000;29,9986;250,0000;249,9975;
30,0000;29,9982;260,0000;259,9966;
30,0000;29,9988;270,0000;269,9964;
30,0000;29,9991;280,0000;279,9966;
30,0000;29,9986;290,0000;289,9965;
30,0000;29,9995;300,0000;299,9971;
30,0000;29,9989;310,0000;309,9964;
30,0000;29,9992;320,0000;319,9960;
30,0000;29,9990;330,0000;329,9954;
30,0000;29,9991;340,0000;339,9948;
30,0000;29,9988;350,0000;349,9939;
30,0000;29,9990;360,0000;359,9938;
30,0000;29,9987;370,0000;369,9941;
30,0000;29,9987;380,0000;379,9944;
30,0000;29,9988;390,0000;389,9951;
30,0000;29,9988;400,0000;399,9953;
30,0000;29,9985;410,0000;409,9958;
30,0000;29,9985;420,0000;419,9965;
30,0000;29,9992;430,0000;429,9971;
30,0000;29,9989;440,0000;439,9973;
30,0000;29,9998;450,0000;449,9969;
30,0000;29,9997;460,0000;459,9962;
30,0000;30,0002;470,0000;469,9955;
30,0000;30,0000;480,0000;479,9942;
30,0000;29,9996;490,0000;489,9936;
30,0000;29,9994;500,0000;499,9925;
30,0000;30,0002;510,0000;509,9915;
30,0000;30,0003;520,0000;519,9913;
30,0000;30,0001;530,0000;529,9913;
30,0000;29,9980;540,0000;539,9906;
30,0000;29,9992;550,0000;549,9907;
30,0000;29,9997;560,0000;559,9906;
30,0000;30,0000;570,0000;569,9918;
30,0000;29,9998;580,0000;579,9922;
30,0000;30,0000;590,0000;589,9925;
30,0000;29,9995;600,0000;599,9921;
30,0000;29,9992;610,0000;609,9922;
30,0000;29,9990;620,0000;619,9907;
30,0000;29,9993;630,0000;629,9902;
30,0000;29,9986;640,0000;639,9890;
30,0000;29,9980;650,0000;649,9884;
30,0000;29,9971;660,0000;659,9870;
30,0000;29,9972;670,0000;669,9864;
30,0000;29,9976;680,0000;679,9864;
40,0000;39,9963;0,0000;0,0002;
40,0000;39,9966;10,0000;10,0007;
40,0000;39,9964;20,0000;19,9994;
40,0000;39,9973;30,0000;29,9994;
40,0000;39,9972;40,0000;39,9990;
40,0000;39,9978;50,0000;49,9984;
40,0000;39,9977;60,0000;59,9978;
40,0000;39,9978;70,0000;69,9980;
40,0000;39,9973;80,0000;79,9984;
40,0000;39,9978;90,0000;89,9992;
40,0000;39,9981;100,0000;99,9990;
40,0000;39,9971;110,0000;109,9996;
40,0000;39,9978;120,0000;119,9991;
40,0000;39,9977;130,0000;129,9983;
40,0000;39,9980;140,0000;139,9987;
40,0000;39,9976;150,0000;149,9986;
40,0000;39,9974;160,0000;159,9984;
40,0000;39,9974;170,0000;169,9987;
40,0000;39,9977;180,0000;179,9989;
40,0000;39,9975;190,0000;189,9987;
40,0000;39,9977;200,0000;199,9991;
40,0000;39,9977;210,0000;209,9991;
40,0000;39,9974;220,0000;219,9983;
40,0000;39,9971;230,0000;229,9977;
40,0000;39,9973;240,0000;239,9967;
40,0000;39,9969;250,0000;249,9958;
40,0000;39,9975;260,0000;259,9956;
40,0000;39,9974;270,0000;269,9955;
40,0000;39,9973;280,0000;279,9955;
40,0000;39,9974;290,0000;289,9960;
40,0000;39,9978;300,0000;299,9962;
40,0000;39,9978;310,0000;309,9960;
40,0000;39,9975;320,0000;319,9953;
40,0000;39,9978;330,0000;329,9945;
40,0000;39,9980;340,0000;339,9942;
40,0000;39,9974;350,0000;349,9931;
40,0000;39,9974;360,0000;359,9933;
40,0000;39,9972;370,0000;369,9935;
40,0000;39,9968;380,0000;379,9938;
40,0000;39,9972;390,0000;389,9947;
40,0000;39,9972;400,0000;399,9955;
40,0000;39,9974;410,0000;409,9960;
40,0000;39,9971;420,0000;419,9960;
40,0000;39,9970;430,0000;429,9967;
40,0000;39,9975;440,0000;439,9970;
40,0000;39,9983;450,0000;449,9966;
40,0000;39,9983;460,0000;459,9962;
40,0000;39,9981;470,0000;469,9953;
40,0000;39,9978;480,0000;479,9940;
40,0000;39,9978;490,0000;489,9930;
40,0000;39,9981;500,0000;499,9918;
40,0000;39,9987;510,0000;509,9910;
40,0000;39,9985;520,0000;519,9906;
40,0000;39,9984;530,0000;529,9904;
40,0000;39,9985;540,0000;539,9901;
40,0000;39,9982;550,0000;549,9904;
40,0000;39,9982;560,0000;559,9902;
40,0000;39,9983;570,0000;569,9905;
40,0000;39,9977;580,0000;579,9910;
40,0000;39,9985;590,0000;589,9918;
40,0000;39,9979;600,0000;599,9917;
40,0000;39,9974;610,0000;609,9909;
40,0000;39,9980;620,0000;619,9904;
40,0000;39,9973;630,0000;629,9893;
40,0000;39,9971;640,0000;639,9881;
40,0000;39,9965;650,0000;649,9875;
40,0000;39,9956;660,0000;659,9859;
40,0000;39,9952;670,0000;669,9854;
40,0000;39,9955;680,0000;679,9863;
50,0000;49,9949;0,0000;0,0005;
50,0000;49,9950;10,0000;10,0004;
50,0000;49,9950;20,0000;19,9994;
50,0000;49,9950;30,0000;29,9988;
50,0000;49,9956;40,0000;39,9985;
50,0000;49,9956;50,0000;49,9974;
50,0000;49,9959;60,0000;59,9974;
50,0000;49,9966;70,0000;69,9979;
50,0000;49,9961;80,0000;79,9981;
50,0000;49,9965;90,0000;89,9990;
50,0000;49,9966;100,0000;99,9988;
50,0000;49,9966;110,0000;109,9992;
50,0000;49,9966;120,0000;119,9992;
50,0000;49,9960;130,0000;129,9989;
50,0000;49,9961;140,0000;139,9984;
50,0000;49,9960;150,0000;149,9990;
50,0000;49,9961;160,0000;159,9983;
50,0000;49,9957;170,0000;169,9979;
50,0000;49,9957;180,0000;179,9984;
50,0000;49,9954;190,0000;189,9984;
50,0000;49,9957;200,0000;199,9986;
50,0000;49,9960;210,0000;209,9985;
50,0000;49,9958;220,0000;219,9974;
50,0000;49,9954;230,0000;229,9971;
50,0000;49,9959;240,0000;239,9966;
50,0000;49,9958;250,0000;249,9963;
50,0000;49,9956;260,0000;259,9954;
50,0000;49,9960;270,0000;269,9953;
50,0000;49,9956;280,0000;279,9951;
50,0000;49,9958;290,0000;289,9958;
50,0000;49,9957;300,0000;299,9959;
50,0000;49,9961;310,0000;309,9955;
50,0000;49,9961;320,0000;319,9949;
50,0000;49,9958;330,0000;329,9943;
50,0000;49,9960;340,0000;339,9934;
50,0000;49,9958;350,0000;349,9919;
50,0000;49,9955;360,0000;359,9921;
50,0000;49,9960;370,0000;369,9933;
50,0000;49,9956;380,0000;379,9936;
50,0000;49,9959;390,0000;389,9943;
50,0000;49,9957;400,0000;399,9951;
50,0000;49,9956;410,0000;409,9954;
50,0000;49,9955;420,0000;419,9957;
50,0000;49,9950;430,0000;429,9955;
50,0000;49,9956;440,0000;439,9962;
50,0000;49,9956;450,0000;449,9957;
50,0000;49,9956;460,0000;459,9954;
50,0000;49,9958;470,0000;469,9947;
50,0000;49,9959;480,0000;479,9937;
50,0000;49,9956;490,0000;489,9924;
50,0000;49,9959;500,0000;499,9912;
50,0000;49,9962;510,0000;509,9904;
50,0000;49,9961;520,0000;519,9900;
50,0000;49,9965;530,0000;529,9900;
50,0000;49,9964;540,0000;539,9896;
50,0000;49,9960;550,0000;549,9897;
50,0000;49,9967;560,0000;559,9898;
50,0000;49,9964;570,0000;569,9901;
50,0000;49,9964;580,0000;579,9905;
50,0000;49,9966;590,0000;589,9906;
50,0000;49,9956;600,0000;599,9907;
50,0000;49,9952;610,0000;609,9907;
50,0000;49,9956;620,0000;619,9897;
50,0000;49,9954;630,0000;629,9886;
50,0000;49,9952;640,0000;639,9876;
50,0000;49,9938;650,0000;649,9862;
50,0000;49,9931;660,0000;659,9856;
50,0000;49,9925;670,0000;669,9852;
50,0000;49,9934;680,0000;679,9853;
60,0000;59,9923;0,0000;-0,0006;
60,0000;59,9930;10,0000;9,9993;
60,0000;59,9929;20,0000;19,9990;
60,0000;59,9934;30,0000;29,9977;
60,0000;59,9935;40,0000;39,9979;
60,0000;59,9936;50,0000;49,9970;
60,0000;59,9936;60,0000;59,9970;
60,0000;59,9942;70,0000;69,9975;
60,0000;59,9941;80,0000;79,9975;
60,0000;59,9941;90,0000;89,9981;
60,0000;59,9946;100,0000;99,9986;
60,0000;59,9945;110,0000;109,9987;
60,0000;59,9940;120,0000;119,9980;
60,0000;59,9934;130,0000;129,9981;
60,0000;59,9931;140,0000;139,9980;
60,0000;59,9933;150,0000;149,9978;
60,0000;59,9926;160,0000;159,9975;
60,0000;59,9927;170,0000;169,9974;
60,0000;59,9925;180,0000;179,9976;
60,0000;59,9925;190,0000;189,9978;
60,0000;59,9930;200,0000;199,9981;
60,0000;59,9931;210,0000;209,9977;
60,0000;59,9929;220,0000;219,9971;
60,0000;59,9932;230,0000;229,9971;
60,0000;59,9931;240,0000;239,9964;
60,0000;59,9931;250,0000;249,9955;
60,0000;59,9932;260,0000;259,9954;
60,0000;59,9935;270,0000;269,9946;
60,0000;59,9930;280,0000;279,9951;
60,0000;59,9931;290,0000;289,9951;
60,0000;59,9933;300,0000;299,9954;
60,0000;59,9934;310,0000;309,9949;
60,0000;59,9932;320,0000;319,9946;
60,0000;59,9939;330,0000;329,9944;
60,0000;59,9933;340,0000;339,9928;
60,0000;59,9932;350,0000;349,9920;
60,0000;59,9936;360,0000;359,9924;
60,0000;59,9933;370,0000;369,9924;
60,0000;59,9935;380,0000;379,9931;
60,0000;59,9935;390,0000;389,9939;
60,0000;59,9926;400,0000;399,9939;
60,0000;59,9934;410,0000;409,9950;
60,0000;59,9926;420,0000;419,9948;
60,0000;59,9930;430,0000;429,9957;
60,0000;59,9928;440,0000;439,9952;
60,0000;59,9932;450,0000;449,9956;
60,0000;59,9934;460,0000;459,9952;
60,0000;59,9934;470,0000;469,9945;
60,0000;59,9932;480,0000;479,9936;
60,0000;59,9933;490,0000;489,9925;
60,0000;59,9934;500,0000;499,9912;
60,0000;59,9940;510,0000;509,9904;
60,0000;59,9943;520,0000;519,9897;
60,0000;59,9948;530,0000;529,9896;
60,0000;59,9948;540,0000;539,9895;
60,0000;59,9942;550,0000;549,9890;
60,0000;59,9944;560,0000;559,9896;
60,0000;59,9942;570,0000;569,9899;
60,0000;59,9941;580,0000;579,9901;
60,0000;59,9941;590,0000;589,9907;
60,0000;59,9936;600,0000;599,9902;
60,0000;59,9930;610,0000;609,9896;
60,0000;59,9935;620,0000;619,9892;
60,0000;59,9936;630,0000;629,9884;
60,0000;59,9927;640,0000;639,9870;
60,0000;59,9920;650,0000;649,9860;
60,0000;59,9914;660,0000;659,9853;
60,0000;59,9909;670,0000;669,9848;
60,0000;59,9912;680,0000;679,9852;
70,0000;69,9906;0,0000;-0,0010;
70,0000;69,9908;10,0000;9,9993;
70,0000;69,9910;20,0000;19,9990;
70,0000;69,9917;30,0000;29,9985;
70,0000;69,9916;40,0000;39,9976;
70,0000;69,9921;50,0000;49,9974;
70,0000;69,9924;60,0000;59,9969;
70,0000;69,9924;70,0000;69,9972;
70,0000;69,9923;80,0000;79,9973;
70,0000;69,9922;90,0000;89,9980;
70,0000;69,9923;100,0000;99,9980;
70,0000;69,9920;110,0000;109,9981;
70,0000;69,9917;120,0000;119,9974;
70,0000;69,9912;130,0000;129,9976;
70,0000;69,9914;140,0000;139,9975;
70,0000;69,9905;150,0000;149,9965;
70,0000;69,9909;160,0000;159,9972;
70,0000;69,9906;170,0000;169,9970;
70,0000;69,9901;180,0000;179,9975;
70,0000;69,9904;190,0000;189,9971;
70,0000;69,9903;200,0000;199,9974;
70,0000;69,9909;210,0000;209,9976;
70,0000;69,9904;220,0000;219,9967;
70,0000;69,9908;230,0000;229,9961;
70,0000;69,9903;240,0000;239,9953;
70,0000;69,9905;250,0000;249,9950;
70,0000;69,9907;260,0000;259,9942;
70,0000;69,9910;270,0000;269,9939;
70,0000;69,9908;280,0000;279,9946;
70,0000;69,9912;290,0000;289,9953;
70,0000;69,9910;300,0000;299,9953;
70,0000;69,9914;310,0000;309,9949;
70,0000;69,9918;320,0000;319,9943;
70,0000;69,9917;330,0000;329,9935;
70,0000;69,9923;340,0000;339,9931;
70,0000;69,9920;350,0000;349,9919;
70,0000;69,9917;360,0000;359,9920;
70,0000;69,9917;370,0000;369,9916;
70,0000;69,9920;380,0000;379,9927;
70,0000;69,9918;390,0000;389,9932;
70,0000;69,9906;400,0000;399,9925;
70,0000;69,9906;410,0000;409,9937;
70,0000;69,9914;420,0000;419,9946;
70,0000;69,9912;430,0000;429,9948;
70,0000;69,9910;440,0000;439,9952;
70,0000;69,9910;450,0000;449,9951;
70,0000;69,9910;460,0000;459,9947;
70,0000;69,9909;470,0000;469,9938;
70,0000;69,9908;480,0000;479,9930;
70,0000;69,9912;490,0000;489,9921;
70,0000;69,9912;500,0000;499,9911;
70,0000;69,9917;510,0000;509,9899;
70,0000;69,9921;520,0000;519,9896;
70,0000;69,9923;530,0000;529,9893;
70,0000;69,9921;540,0000;539,9889;
70,0000;69,9925;550,0000;549,9888;
70,0000;69,9925;560,0000;559,9888;
70,0000;69,9924;570,0000;569,9896;
70,0000;69,9921;580,0000;579,9893;
70,0000;69,9919;590,0000;589,9902;
70,0000;69,9909;600,0000;599,9896;
70,0000;69,9909;610,0000;609,9894;
70,0000;69,9909;620,0000;619,9884;
70,0000;69,9906;630,0000;629,9875;
70,0000;69,9902;640,0000;639,9862;
70,0000;69,9891;650,0000;649,9854;
70,0000;69,9884;660,0000;659,9847;
70,0000;69,9886;670,0000;669,9846;
70,0000;69,9884;680,0000;679,9849;
80,0000;79,9899;0,0000;-0,0009;
80,0000;79,9893;10,0000;9,9990;
80,0000;79,9896;20,0000;19,9988;
80,0000;79,9902;30,0000;29,9984;
80,0000;79,9900;40,0000;39,9977;
80,0000;79,9905;50,0000;49,9971;
80,0000;79,9908;60,0000;59,9967;
80,0000;79,9907;70,0000;69,9964;
80,0000;79,9911;80,0000;79,9972;
80,0000;79,9909;90,0000;89,9976;
80,0000;79,9909;100,0000;99,9978;
80,0000;79,9906;110,0000;109,9976;
80,0000;79,9903;120,0000;119,9973;
80,0000;79,9899;130,0000;129,9977;
80,0000;79,9892;140,0000;139,9970;
80,0000;79,9896;150,0000;149,9975;
80,0000;79,9882;160,0000;159,9966;
80,0000;79,9882;170,0000;169,9969;
80,0000;79,9879;180,0000;179,9963;
80,0000;79,9875;190,0000;189,9973;
80,0000;79,9882;200,0000;199,9973;
80,0000;79,9886;210,0000;209,9970;
80,0000;79,9888;220,0000;219,9965;
80,0000;79,9888;230,0000;229,9958;
80,0000;79,9887;240,0000;239,9955;
80,0000;79,9891;250,0000;249,9950;
80,0000;79,9895;260,0000;259,9947;
80,0000;79,9890;270,0000;269,9938;
80,0000;79,9897;280,0000;279,9938;
80,0000;79,9900;290,0000;289,9945;
80,0000;79,9900;300,0000;299,9945;
80,0000;79,9904;310,0000;309,9950;
80,0000;79,9904;320,0000;319,9942;
80,0000;79,9907;330,0000;329,9930;
80,0000;79,9904;340,0000;339,9924;
80,0000;79,9905;350,0000;349,9916;
80,0000;79,9905;360,0000;359,9915;
80,0000;79,9904;370,0000;369,9918;
80,0000;79,9905;380,0000;379,9921;
80,0000;79,9900;390,0000;389,9927;
80,0000;79,9895;400,0000;399,9931;
80,0000;79,9896;410,0000;409,9937;
80,0000;79,9892;420,0000;419,9939;
80,0000;79,9891;430,0000;429,9943;
80,0000;79,9889;440,0000;439,9941;
80,0000;79,9892;450,0000;449,9941;
80,0000;79,9894;460,0000;459,9942;
80,0000;79,9894;470,0000;469,9936;
80,0000;79,9894;480,0000;479,9926;
80,0000;79,9891;490,0000;489,9914;
80,0000;79,9902;500,0000;499,9907;
80,0000;79,9902;510,0000;509,9896;
80,0000;79,9902;520,0000;519,9887;
80,0000;79,9904;530,0000;529,9884;
80,0000;79,9908;540,0000;539,9885;
80,0000;79,9905;550,0000;549,9882;
80,0000;79,9904;560,0000;559,9883;
80,0000;79,9903;570,0000;569,9884;
80,0000;79,9906;580,0000;579,9891;
80,0000;79,9904;590,0000;589,9891;
80,0000;79,9896;600,0000;599,9885;
80,0000;79,9895;610,0000;609,9887;
80,0000;79,9897;620,0000;619,9871;
80,0000;79,9893;630,0000;629,9867;
80,0000;79,9884;640,0000;639,9853;
80,0000;79,9876;650,0000;649,9847;
80,0000;79,9872;660,0000;659,9840;
80,0000;79,9869;670,0000;669,9837;
80,0000;79,9873;680,0000;679,9845;
90,0000;89,9891;0,0000;-0,0016;
90,0000;89,9894;10,0000;9,9988;
90,0000;89,9896;20,0000;19,9986;
90,0000;89,9896;30,0000;29,9978;
90,0000;89,9901;40,0000;39,9974;
90,0000;89,9904;50,0000;49,9969;
90,0000;89,9903;60,0000;59,9967;
90,0000;89,9906;70,0000;69,9967;
90,0000;89,9902;80,0000;79,9964;
90,0000;89,9906;90,0000;89,9970;
90,0000;89,9902;100,0000;99,9970;
90,0000;89,9902;110,0000;109,9966;
90,0000;89,9895;120,0000;119,9963;
90,0000;89,9891;130,0000;129,9962;
90,0000;89,9885;140,0000;139,9956;
90,0000;89,9878;150,0000;149,9958;
90,0000;89,9875;160,0000;159,9960;
90,0000;89,9872;170,0000;169,9960;
90,0000;89,9874;180,0000;179,9967;
90,0000;89,9877;190,0000;189,9972;
90,0000;89,9876;200,0000;199,9969;
90,0000;89,9878;210,0000;209,9967;
90,0000;89,9881;220,0000;219,9959;
90,0000;89,9877;230,0000;229,9954;
90,0000;89,9883;240,0000;239,9948;
90,0000;89,9883;250,0000;249,9942;
90,0000;89,9882;260,0000;259,9937;
90,0000;89,9887;270,0000;269,9931;
90,0000;89,9886;280,0000;279,9934;
90,0000;89,9890;290,0000;289,9938;
90,0000;89,9890;300,0000;299,9939;
90,0000;89,9892;310,0000;309,9939;
90,0000;89,9897;320,0000;319,9941;
90,0000;89,9897;330,0000;329,9931;
90,0000;89,9904;340,0000;339,9926;
90,0000;89,9903;350,0000;349,9919;
90,0000;89,9899;360,0000;359,9912;
90,0000;89,9906;370,0000;369,9912;
90,0000;89,9902;380,0000;379,9914;
90,0000;89,9896;390,0000;389,9916;
90,0000;89,9891;400,0000;399,9918;
90,0000;89,9889;410,0000;409,9923;
90,0000;89,9885;420,0000;419,9922;
90,0000;89,9886;430,0000;429,9931;
90,0000;89,9888;440,0000;439,9936;
90,0000;89,9887;450,0000;449,9943;
90,0000;89,9889;460,0000;459,9936;
90,0000;89,9889;470,0000;469,9936;
90,0000;89,9885;480,0000;479,9925;
90,0000;89,9886;490,0000;489,9914;
90,0000;89,9891;500,0000;499,9906;
90,0000;89,9896;510,0000;509,9889;
90,0000;89,9896;520,0000;519,9884;
90,0000;89,9903;530,0000;529,9887;
90,0000;89,9900;540,0000;539,9879;
90,0000;89,9900;550,0000;549,9879;
90,0000;89,9896;560,0000;559,9878;
90,0000;89,9892;570,0000;569,9876;
90,0000;89,9897;580,0000;579,9884;
90,0000;89,9888;590,0000;589,9880;
90,0000;89,9889;600,0000;599,9881;
90,0000;89,9886;610,0000;609,9876;
90,0000;89,9886;620,0000;619,9869;
90,0000;89,9884;630,0000;629,9859;
90,0000;89,9880;640,0000;639,9848;
90,0000;89,9872;650,0000;649,9840;
90,0000;89,9867;660,0000;659,9834;
90,0000;89,9863;670,0000;669,9836;
90,0000;89,9864;680,0000;679,9844;
100,0000;99,9894;0,0000;-0,0018;
100,0000;99,9897;10,0000;9,9984;
100,0000;99,9898;20,0000;19,9981;
100,0000;99,9901;30,0000;29,9976;
100,0000;99,9906;40,0000;39,9972;
100,0000;99,9903;50,0000;49,9966;
100,0000;99,9900;60,0000;59,9967;
100,0000;99,9899;70,0000;69,9962;
100,0000;99,9906;80,0000;79,9968;
100,0000;99,9909;90,0000;89,9965;
100,0000;99,9901;100,0000;99,9956;
100,0000;99,9897;110,0000;109,9957;
100,0000;99,9897;120,0000;119,9955;
100,0000;99,9892;130,0000;129,9949;
100,0000;99,9887;140,0000;139,9951;
100,0000;99,9888;150,0000;149,9958;
100,0000;99,9877;160,0000;159,9954;
100,0000;99,9876;170,0000;169,9962;
100,0000;99,9875;180,0000;179,9960;
100,0000;99,9877;190,0000;189,9966;
100,0000;99,9874;200,0000;199,9965;
100,0000;99,9876;210,0000;209,9963;
100,0000;99,9879;220,0000;219,9953;
100,0000;99,9878;230,0000;229,9946;
100,0000;99,9884;240,0000;239,9945;
100,0000;99,9878;250,0000;249,9935;
100,0000;99,9886;260,0000;259,9935;
100,0000;99,9886;270,0000;269,9925;
100,0000;99,9891;280,0000;279,9929;
100,0000;99,9892;290,0000;289,9932;
100,0000;99,9893;300,0000;299,9932;
100,0000;99,9897;310,0000;309,9937;
100,0000;99,9899;320,0000;319,9928;
100,0000;99,9902;330,0000;329,9927;
100,0000;99,9901;340,0000;339,9918;
100,0000;99,9903;350,0000;349,9908;
100,0000;99,9902;360,0000;359,9909;
100,0000;99,9899;370,0000;369,9901;
100,0000;99,9897;380,0000;379,9905;
100,0000;99,9896;390,0000;389,9914;
100,0000;99,9893;400,0000;399,9916;
100,0000;99,9890;410,0000;409,9920;
100,0000;99,9882;420,0000;419,9923;
100,0000;99,9885;430,0000;429,9925;
100,0000;99,9881;440,0000;439,9929;
100,0000;99,9887;450,0000;449,9937;
100,0000;99,9885;460,0000;459,9929;
100,0000;99,9885;470,0000;469,9929;
100,0000;99,9882;480,0000;479,9916;
100,0000;99,9884;490,0000;489,9909;
100,0000;99,9887;500,0000;499,9898;
100,0000;99,9890;510,0000;509,9885;
100,0000;99,9895;520,0000;519,9884;
100,0000;99,9888;530,0000;529,9874;
100,0000;99,9889;540,0000;539,9874;
100,0000;99,9891;550,0000;549,9872;
100,0000;99,9894;560,0000;559,9871;
100,0000;99,9889;570,0000;569,9871;
100,0000;99,9888;580,0000;579,9873;
100,0000;99,9890;590,0000;589,9879;
100,0000;99,9885;600,0000;599,9876;
100,0000;99,9883;610,0000;609,9872;
100,0000;99,9883;620,0000;619,9860;
100,0000;99,9877;630,0000;629,9849;
100,0000;99,9872;640,0000;639,9839;
100,0000;99,9869;650,0000;649,9833;
100,0000;99,9863;660,0000;659,9828;
100,0000;99,9865;670,0000;669,9829;
100,0000;99,9867;680,0000;679,9832;
110,0000;109,9902;0,0000;-0,0016;
110,0000;109,9897;10,0000;9,9981;
110,0000;109,9900;20,0000;19,9976;
110,0000;109,9904;30,0000;29,9971;
110,0000;109,9905;40,0000;39,9967;
110,0000;109,9905;50,0000;49,9965;
110,0000;109,9911;60,0000;59,9963;
110,0000;109,9910;70,0000;69,9962;
110,0000;109,9908;80,0000;79,9958;
110,0000;109,9908;90,0000;89,9958;
110,0000;109,9903;100,0000;99,9957;
110,0000;109,9908;110,0000;109,9956;
110,0000;109,9903;120,0000;119,9950;
110,0000;109,9894;130,0000;129,9946;
110,0000;109,9889;140,0000;139,9943;
110,0000;109,9889;150,0000;149,9948;
110,0000;109,9881;160,0000;159,9946;
110,0000;109,9882;170,0000;169,9952;
110,0000;109,9876;180,0000;179,9954;
110,0000;109,9877;190,0000;189,9962;
110,0000;109,9875;200,0000;199,9957;
110,0000;109,9882;210,0000;209,9958;
110,0000;109,9883;220,0000;219,9960;
110,0000;109,9880;230,0000;229,9950;
110,0000;109,9884;240,0000;239,9944;
110,0000;109,9888;250,0000;249,9937;
110,0000;109,9889;260,0000;259,9934;
110,0000;109,9892;270,0000;269,9929;
110,0000;109,9889;280,0000;279,9924;
110,0000;109,9894;290,0000;289,9933;
110,0000;109,9892;300,0000;299,9935;
110,0000;109,9901;310,0000;309,9932;
110,0000;109,9899;320,0000;319,9930;
110,0000;109,9904;330,0000;329,9926;
110,0000;109,9903;340,0000;339,9916;
110,0000;109,9904;350,0000;349,9904;
110,0000;109,9906;360,0000;359,9899;
110,0000;109,9901;370,0000;369,9896;
110,0000;109,9904;380,0000;379,9902;
110,0000;109,9902;390,0000;389,9908;
110,0000;109,9891;400,0000;399,9908;
110,0000;109,9890;410,0000;409,9914;
110,0000;109,9883;420,0000;419,9913;
110,0000;109,9888;430,0000;429,9923;
110,0000;109,9886;440,0000;439,9925;
110,0000;109,9887;450,0000;449,9934;
110,0000;109,9882;460,0000;459,9927;
110,0000;109,9891;470,0000;469,9919;
110,0000;109,9887;480,0000;479,9918;
110,0000;109,9892;490,0000;489,9911;
110,0000;109,9893;500,0000;499,9898;
110,0000;109,9890;510,0000;509,9884;
110,0000;109,9895;520,0000;519,9882;
110,0000;109,9898;530,0000;529,9878;
110,0000;109,9896;540,0000;539,9874;
110,0000;109,9895;550,0000;549,9868;
110,0000;109,9895;560,0000;559,9868;
110,0000;109,9892;570,0000;569,9870;
110,0000;109,9897;580,0000;579,9875;
110,0000;109,9895;590,0000;589,9874;
110,0000;109,9888;600,0000;599,9873;
110,0000;109,9883;610,0000;609,9863;
110,0000;109,9892;620,0000;619,9857;
110,0000;109,9888;630,0000;629,9844;
110,0000;109,9885;640,0000;639,9842;
110,0000;109,9878;650,0000;649,9832;
110,0000;109,9877;660,0000;659,9829;
110,0000;109,9876;670,0000;669,9824;
110,0000;109,9874;680,0000;679,9829;
120,0000;119,9902;0,0000;-0,0019;
120,0000;119,9901;10,0000;9,9984;
120,0000;119,9908;20,0000;19,9980;
120,0000;119,9906;30,0000;29,9979;
120,0000;119,9909;40,0000;39,9967;
120,0000;119,9912;50,0000;49,9965;
120,0000;119,9909;60,0000;59,9962;
120,0000;119,9910;70,0000;69,9960;
120,0000;119,9912;80,0000;79,9957;
120,0000;119,9913;90,0000;89,9960;
120,0000;119,9904;100,0000;99,9955;
120,0000;119,9907;110,0000;109,9950;
120,0000;119,9902;120,0000;119,9946;
120,0000;119,9899;130,0000;129,9944;
120,0000;119,9899;140,0000;139,9941;
120,0000;119,9895;150,0000;149,9941;
120,0000;119,9887;160,0000;159,9942;
120,0000;119,9884;170,0000;169,9947;
120,0000;119,9883;180,0000;179,9954;
120,0000;119,9887;190,0000;189,9962;
120,0000;119,9883;200,0000;199,9963;
120,0000;119,9882;210,0000;209,9963;
120,0000;119,9880;220,0000;219,9956;
120,0000;119,9881;230,0000;229,9950;
120,0000;119,9879;240,0000;239,9941;
120,0000;119,9884;250,0000;249,9935;
120,0000;119,9891;260,0000;259,9932;
120,0000;119,9891;270,0000;269,9928;
120,0000;119,9894;280,0000;279,9932;
120,0000;119,9892;290,0000;289,9934;
120,0000;119,9896;300,0000;299,9935;
120,0000;119,9896;310,0000;309,9929;
120,0000;119,9899;320,0000;319,9927;
120,0000;119,9899;330,0000;329,9922;
120,0000;119,9900;340,0000;339,9916;
120,0000;119,9900;350,0000;349,9908;
120,0000;119,9903;360,0000;359,9902;
120,0000;119,9896;370,0000;369,9897;
120,0000;119,9895;380,0000;379,9898;
120,0000;119,9893;390,0000;389,9901;
120,0000;119,9891;400,0000;399,9906;
120,0000;119,9887;410,0000;409,9912;
120,0000;119,9886;420,0000;419,9915;
120,0000;119,9886;430,0000;429,9922;
120,0000;119,9885;440,0000;439,9926;
120,0000;119,9887;450,0000;449,9930;
120,0000;119,9891;460,0000;459,9928;
120,0000;119,9892;470,0000;469,9926;
120,0000;119,9891;480,0000;479,9917;
120,0000;119,9890;490,0000;489,9906;
120,0000;119,9888;500,0000;499,9891;
120,0000;119,9893;510,0000;509,9884;
120,0000;119,9893;520,0000;519,9882;
120,0000;119,9893;530,0000;529,9876;
120,0000;119,9898;540,0000;539,9878;
120,0000;119,9899;550,0000;549,9874;
120,0000;119,9889;560,0000;559,9871;
120,0000;119,9891;570,0000;569,9869;
120,0000;119,9891;580,0000;579,9871;
120,0000;119,9892;590,0000;589,9871;
120,0000;119,9892;600,0000;599,9872;
120,0000;119,9890;610,0000;609,9869;
120,0000;119,9889;620,0000;619,9859;
120,0000;119,9886;630,0000;629,9846;
120,0000;119,9886;640,0000;639,9841;
120,0000;119,9886;650,0000;649,9832;
120,0000;119,9882;660,0000;659,9828;
120,0000;119,9882;670,0000;669,9825;
120,0000;119,9878;680,0000;679,9828;
130,0000;129,9900;0,0000;-0,0018;
130,0000;129,9903;10,0000;9,9987;
130,0000;129,9908;20,0000;19,9977;
130,0000;129,9911;30,0000;29,9972;
130,0000;129,9909;40,0000;39,9965;
130,0000;129,9913;50,0000;49,9969;
130,0000;129,9908;60,0000;59,9962;
130,0000;129,9910;70,0000;69,9959;
130,0000;129,9911;80,0000;79,9959;
130,0000;129,9899;90,0000;89,9955;
130,0000;129,9903;100,0000;99,9954;
130,0000;129,9906;110,0000;109,9948;
130,0000;129,9902;120,0000;119,9948;
130,0000;129,9902;130,0000;129,9946;
130,0000;129,9899;140,0000;139,9941;
130,0000;129,9897;150,0000;149,9941;
130,0000;129,9893;160,0000;159,9942;
130,0000;129,9895;170,0000;169,9943;
130,0000;129,9892;180,0000;179,9949;
130,0000;129,9886;190,0000;189,9957;
130,0000;129,9886;200,0000;199,9959;
130,0000;129,9886;210,0000;209,9960;
130,0000;129,9885;220,0000;219,9955;
130,0000;129,9884;230,0000;229,9951;
130,0000;129,9884;240,0000;239,9941;
130,0000;129,9888;250,0000;249,9936;
130,0000;129,9891;260,0000;259,9931;
130,0000;129,9893;270,0000;269,9929;
130,0000;129,9896;280,0000;279,9932;
130,0000;129,9894;290,0000;289,9938;
130,0000;129,9895;300,0000;299,9934;
130,0000;129,9896;310,0000;309,9933;
130,0000;129,9898;320,0000;319,9928;
130,0000;129,9895;330,0000;329,9920;
130,0000;129,9895;340,0000;339,9916;
130,0000;129,9901;350,0000;349,9908;
130,0000;129,9894;360,0000;359,9900;
130,0000;129,9893;370,0000;369,9894;
130,0000;129,9889;380,0000;379,9894;
130,0000;129,9887;390,0000;389,9896;
130,0000;129,9892;400,0000;399,9906;
130,0000;129,9880;410,0000;409,9904;
130,0000;129,9884;420,0000;419,9916;
130,0000;129,9880;430,0000;429,9918;
130,0000;129,9885;440,0000;439,9928;
130,0000;129,9890;450,0000;449,9930;
130,0000;129,9889;460,0000;459,9925;
130,0000;129,9894;470,0000;469,9927;
130,0000;129,9887;480,0000;479,9914;
130,0000;129,9893;490,0000;489,9908;
130,0000;129,9893;500,0000;499,9893;
130,0000;129,9892;510,0000;509,9879;
130,0000;129,9892;520,0000;519,9874;
130,0000;129,9892;530,0000;529,9873;
130,0000;129,9891;540,0000;539,9870;
130,0000;129,9890;550,0000;549,9866;
130,0000;129,9891;560,0000;559,9866;
130,0000;129,9895;570,0000;569,9870;
130,0000;129,9891;580,0000;579,9869;
130,0000;129,9892;590,0000;589,9867;
130,0000;129,9886;600,0000;599,9868;
130,0000;129,9905;610,0000;609,9880;
130,0000;129,9888;620,0000;619,9858;
130,0000;129,9889;630,0000;629,9847;
130,0000;129,9888;640,0000;639,9838;
130,0000;129,9883;650,0000;649,9833;
130,0000;129,9882;660,0000;659,9827;
130,0000;129,9883;670,0000;669,9824;
130,0000;129,9883;680,0000;679,9832;
140,0000;139,9898;0,0000;-0,0016;
140,0000;139,9906;10,0000;9,9981;
140,0000;139,9906;20,0000;19,9972;
140,0000;139,9911;30,0000;29,9966;
140,0000;139,9912;40,0000;39,9964;
140,0000;139,9911;50,0000;49,9959;
140,0000;139,9914;60,0000;59,9956;
140,0000;139,9914;70,0000;69,9954;
140,0000;139,9911;80,0000;79,9952;
140,0000;139,9912;90,0000;89,9955;
140,0000;139,9911;100,0000;99,9946;
140,0000;139,9908;110,0000;109,9944;
140,0000;139,9905;120,0000;119,9941;
140,0000;139,9900;130,0000;129,9941;
140,0000;139,9900;140,0000;139,9936;
140,0000;139,9898;150,0000;149,9933;
140,0000;139,9897;160,0000;159,9935;
140,0000;139,9897;170,0000;169,9934;
140,0000;139,9890;180,0000;179,9935;
140,0000;139,9889;190,0000;189,9948;
140,0000;139,9890;200,0000;199,9957;
140,0000;139,9883;210,0000;209,9954;
140,0000;139,9886;220,0000;219,9951;
140,0000;139,9886;230,0000;229,9948;
140,0000;139,9886;240,0000;239,9942;
140,0000;139,9887;250,0000;249,9934;
140,0000;139,9886;260,0000;259,9926;
140,0000;139,9886;270,0000;269,9926;
140,0000;139,9888;280,0000;279,9922;
140,0000;139,9891;290,0000;289,9934;
140,0000;139,9893;300,0000;299,9931;
140,0000;139,9891;310,0000;309,9928;
140,0000;139,9893;320,0000;319,9926;
140,0000;139,9895;330,0000;329,9919;
140,0000;139,9893;340,0000;339,9910;
140,0000;139,9894;350,0000;349,9903;
140,0000;139,9888;360,0000;359,9893;
140,0000;139,9888;370,0000;369,9889;
140,0000;139,9889;380,0000;379,9894;
140,0000;139,9886;390,0000;389,9894;
140,0000;139,9882;400,0000;399,9900;
140,0000;139,9881;410,0000;409,9905;
140,0000;139,9881;420,0000;419,9910;
140,0000;139,9880;430,0000;429,9913;
140,0000;139,9887;440,0000;439,9921;
140,0000;139,9887;450,0000;449,9919;
140,0000;139,9883;460,0000;459,9921;
140,0000;139,9896;470,0000;469,9922;
140,0000;139,9890;480,0000;479,9910;
140,0000;139,9890;490,0000;489,9901;
140,0000;139,9885;500,0000;499,9886;
140,0000;139,9892;510,0000;509,9881;
140,0000;139,9891;520,0000;519,9872;
140,0000;139,9890;530,0000;529,9871;
140,0000;139,9891;540,0000;539,9870;
140,0000;139,9893;550,0000;549,9871;
140,0000;139,9888;560,0000;559,9866;
140,0000;139,9889;570,0000;569,9868;
140,0000;139,9886;580,0000;579,9863;
140,0000;139,9888;590,0000;589,9871;
140,0000;139,9886;600,0000;599,9872;
140,0000;139,9885;610,0000;609,9868;
140,0000;139,9889;620,0000;619,9862;
140,0000;139,9888;630,0000;629,9847;
140,0000;139,9885;640,0000;639,9837;
140,0000;139,9885;650,0000;649,9834;
140,0000;139,9885;660,0000;659,9829;
140,0000;139,9883;670,0000;669,9827;
140,0000;139,9888;680,0000;679,9831;
150,0000;149,9895;0,0000;-0,0017;
150,0000;149,9896;10,0000;9,9978;
150,0000;149,9903;20,0000;19,9978;
150,0000;149,9908;30,0000;29,9969;
150,0000;149,9911;40,0000;39,9966;
150,0000;149,9917;50,0000;49,9956;
150,0000;149,9918;60,0000;59,9956;
150,0000;149,9913;70,0000;69,9950;
150,0000;149,9912;80,0000;79,9948;
150,0000;149,9908;90,0000;89,9949;
150,0000;149,9905;100,0000;99,9947;
150,0000;149,9900;110,0000;109,9940;
150,0000;149,9900;120,0000;119,9940;
150,0000;149,9898;130,0000;129,9938;
150,0000;149,9895;140,0000;139,9934;
150,0000;149,9892;150,0000;149,9933;
150,0000;149,9893;160,0000;159,9933;
150,0000;149,9897;170,0000;169,9937;
150,0000;149,9890;180,0000;179,9938;
150,0000;149,9888;190,0000;189,9946;
150,0000;149,9888;200,0000;199,9948;
150,0000;149,9884;210,0000;209,9951;
150,0000;149,9878;220,0000;219,9946;
150,0000;149,9886;230,0000;229,9944;
150,0000;149,9882;240,0000;239,9938;
150,0000;149,9879;250,0000;249,9930;
150,0000;149,9877;260,0000;259,9916;
150,0000;149,9882;270,0000;269,9920;
150,0000;149,9884;280,0000;279,9923;
150,0000;149,9883;290,0000;289,9926;
150,0000;149,9886;300,0000;299,9934;
150,0000;149,9888;310,0000;309,9928;
150,0000;149,9892;320,0000;319,9923;
150,0000;149,9891;330,0000;329,9918;
150,0000;149,9890;340,0000;339,9908;
150,0000;149,9889;350,0000;349,9901;
150,0000;149,9888;360,0000;359,9895;
150,0000;149,9884;370,0000;369,9890;
150,0000;149,9878;380,0000;379,9886;
150,0000;149,9875;390,0000;389,9889;
150,0000;149,9878;400,0000;399,9899;
150,0000;149,9875;410,0000;409,9905;
150,0000;149,9877;420,0000;419,9918;
150,0000;149,9880;430,0000;429,9916;
150,0000;149,9882;440,0000;439,9922;
150,0000;149,9882;450,0000;449,9923;
150,0000;149,9890;460,0000;459,9922;
150,0000;149,9888;470,0000;469,9921;
150,0000;149,9887;480,0000;479,9908;
150,0000;149,9884;490,0000;489,9898;
150,0000;149,9885;500,0000;499,9884;
150,0000;149,9886;510,0000;509,9874;
150,0000;149,9889;520,0000;519,9873;
150,0000;149,9886;530,0000;529,9872;
150,0000;149,9882;540,0000;539,9867;
150,0000;149,9886;550,0000;549,9868;
150,0000;149,9882;560,0000;559,9861;
150,0000;149,9883;570,0000;569,9861;
150,0000;149,9885;580,0000;579,9864;
150,0000;149,9883;590,0000;589,9867;
150,0000;149,9877;600,0000;599,9864;
150,0000;149,9880;610,0000;609,9864;
150,0000;149,9881;620,0000;619,9856;
150,0000;149,9878;630,0000;629,9841;
150,0000;149,9887;640,0000;639,9839;
150,0000;149,9880;650,0000;649,9829;
150,0000;149,9879;660,0000;659,9823;
150,0000;149,9879;670,0000;669,9819;
150,0000;149,9882;680,0000;679,9824;
160,0000;159,9891;0,0000;-0,0016;
160,0000;159,9894;10,0000;9,9980;
160,0000;159,9897;20,0000;19,9975;
160,0000;159,9901;30,0000;29,9968;
160,0000;159,9910;40,0000;39,9960;
160,0000;159,9904;50,0000;49,9959;
160,0000;159,9907;60,0000;59,9955;
160,0000;159,9904;70,0000;69,9948;
160,0000;159,9905;80,0000;79,9947;
160,0000;159,9903;90,0000;89,9946;
160,0000;159,9897;100,0000;99,9941;
160,0000;159,9886;110,0000;109,9942;
160,0000;159,9895;120,0000;119,9938;
160,0000;159,9895;130,0000;129,9938;
160,0000;159,9896;140,0000;139,9939;
160,0000;159,9889;150,0000;149,9934;
160,0000;159,9888;160,0000;159,9932;
160,0000;159,9884;170,0000;169,9933;
160,0000;159,9879;180,0000;179,9932;
160,0000;159,9875;190,0000;189,9939;
160,0000;159,9874;200,0000;199,9947;
160,0000;159,9875;210,0000;209,9954;
160,0000;159,9872;220,0000;219,9952;
160,0000;159,9874;230,0000;229,9943;
160,0000;159,9873;240,0000;239,9939;
160,0000;159,9872;250,0000;249,9929;
160,0000;159,9878;260,0000;259,9928;
160,0000;159,9876;270,0000;269,9920;
160,0000;159,9881;280,0000;279,9925;
160,0000;159,9877;290,0000;289,9924;
160,0000;159,9879;300,0000;299,9928;
160,0000;159,9882;310,0000;309,9932;
160,0000;159,9882;320,0000;319,9925;
160,0000;159,9881;330,0000;329,9921;
160,0000;159,9881;340,0000;339,9908;
160,0000;159,9876;350,0000;349,9902;
160,0000;159,9878;360,0000;359,9891;
160,0000;159,9877;370,0000;369,9890;
160,0000;159,9876;380,0000;379,9889;
160,0000;159,9868;390,0000;389,9887;
160,0000;159,9873;400,0000;399,9901;
160,0000;159,9871;410,0000;409,9911;
160,0000;159,9862;420,0000;419,9903;
160,0000;159,9873;430,0000;429,9914;
160,0000;159,9876;440,0000;439,9921;
160,0000;159,9877;450,0000;449,9920;
160,0000;159,9874;460,0000;459,9914;
160,0000;159,9875;470,0000;469,9912;
160,0000;159,9875;480,0000;479,9910;
160,0000;159,9873;490,0000;489,9892;
160,0000;159,9882;500,0000;499,9888;
160,0000;159,9884;510,0000;509,9874;
160,0000;159,9884;520,0000;519,9871;
160,0000;159,9882;530,0000;529,9870;
160,0000;159,9878;540,0000;539,9864;
160,0000;159,9880;550,0000;549,9862;
160,0000;159,9875;560,0000;559,9863;
160,0000;159,9875;570,0000;569,9864;
160,0000;159,9874;580,0000;579,9866;
160,0000;159,9872;590,0000;589,9865;
160,0000;159,9873;600,0000;599,9866;
160,0000;159,9873;610,0000;609,9866;
160,0000;159,9874;620,0000;619,9855;
160,0000;159,9876;630,0000;629,9847;
160,0000;159,9877;640,0000;639,9837;
160,0000;159,9875;650,0000;649,9831;
160,0000;159,9874;660,0000;659,9827;
160,0000;159,9875;670,0000;669,9822;
160,0000;159,9881;680,0000;679,9826;
170,0000;169,9886;0,0000;-0,0018;
170,0000;169,9888;10,0000;9,9982;
170,0000;169,9890;20,0000;19,9975;
170,0000;169,9897;30,0000;29,9967;
170,0000;169,9901;40,0000;39,9966;
170,0000;169,9902;50,0000;49,9960;
170,0000;169,9902;60,0000;59,9952;
170,0000;169,9902;70,0000;69,9947;
170,0000;169,9900;80,0000;79,9945;
170,0000;169,9898;90,0000;89,9944;
170,0000;169,9896;100,0000;99,9941;
170,0000;169,9896;110,0000;109,9940;
170,0000;169,9892;120,0000;119,9938;
170,0000;169,9889;130,0000;129,9935;
170,0000;169,9886;140,0000;139,9934;
170,0000;169,9882;150,0000;149,9929;
170,0000;169,9883;160,0000;159,9932;
170,0000;169,9882;170,0000;169,9932;
170,0000;169,9879;180,0000;179,9932;
170,0000;169,9878;190,0000;189,9940;
170,0000;169,9874;200,0000;199,9947;
170,0000;169,9873;210,0000;209,9944;
170,0000;169,9873;220,0000;219,9948;
170,0000;169,9870;230,0000;229,9944;
170,0000;169,9867;240,0000;239,9935;
170,0000;169,9873;250,0000;249,9929;
170,0000;169,9869;260,0000;259,9920;
170,0000;169,9872;270,0000;269,9919;
170,0000;169,9873;280,0000;279,9922;
170,0000;169,9870;290,0000;289,9925;
170,0000;169,9872;300,0000;299,9926;
170,0000;169,9870;310,0000;309,9926;
170,0000;169,9868;320,0000;319,9924;
170,0000;169,9875;330,0000;329,9917;
170,0000;169,9872;340,0000;339,9904;
170,0000;169,9874;350,0000;349,9897;
170,0000;169,9873;360,0000;359,9895;
170,0000;169,9873;370,0000;369,9887;
170,0000;169,9875;380,0000;379,9888;
170,0000;169,9870;390,0000;389,9890;
170,0000;169,9869;400,0000;399,9896;
170,0000;169,9869;410,0000;409,9904;
170,0000;169,9866;420,0000;419,9908;
170,0000;169,9869;430,0000;429,9912;
170,0000;169,9868;440,0000;439,9917;
170,0000;169,9869;450,0000;449,9919;
170,0000;169,9868;460,0000;459,9922;
170,0000;169,9871;470,0000;469,9917;
170,0000;169,9868;480,0000;479,9907;
170,0000;169,9872;490,0000;489,9894;
170,0000;169,9872;500,0000;499,9880;
170,0000;169,9877;510,0000;509,9875;
170,0000;169,9873;520,0000;519,9870;
170,0000;169,9880;530,0000;529,9871;
170,0000;169,9874;540,0000;539,9863;
170,0000;169,9875;550,0000;549,9860;
170,0000;169,9874;560,0000;559,9868;
170,0000;169,9871;570,0000;569,9863;
170,0000;169,9866;580,0000;579,9863;
170,0000;169,9866;590,0000;589,9861;
170,0000;169,9866;600,0000;599,9868;
170,0000;169,9861;610,0000;609,9862;
170,0000;169,9867;620,0000;619,9861;
170,0000;169,9862;630,0000;629,9848;
170,0000;169,9860;640,0000;639,9842;
170,0000;169,9862;650,0000;649,9834;
170,0000;169,9866;660,0000;659,9833;
170,0000;169,9863;670,0000;669,9823;
170,0000;169,9867;680,0000;679,9828;
180,0000;179,9879;0,0000;-0,0023;
180,0000;179,9886;10,0000;9,9979;
180,0000;179,9886;20,0000;19,9973;
180,0000;179,9892;30,0000;29,9969;
180,0000;179,9893;40,0000;39,9963;
180,0000;179,9893;50,0000;49,9959;
180,0000;179,9894;60,0000;59,9946;
180,0000;179,9897;70,0000;69,9946;
180,0000;179,9892;80,0000;79,9937;
180,0000;179,9888;90,0000;89,9935;
180,0000;179,9885;100,0000;99,9936;
180,0000;179,9885;110,0000;109,9932;
180,0000;179,9883;120,0000;119,9928;
180,0000;179,9883;130,0000;129,9932;
180,0000;179,9881;140,0000;139,9931;
180,0000;179,9876;150,0000;149,9929;
180,0000;179,9873;160,0000;159,9930;
180,0000;179,9873;170,0000;169,9931;
180,0000;179,9868;180,0000;179,9930;
180,0000;179,9867;190,0000;189,9935;
180,0000;179,9867;200,0000;199,9941;
180,0000;179,9861;210,0000;209,9943;
180,0000;179,9861;220,0000;219,9944;
180,0000;179,9861;230,0000;229,9939;
180,0000;179,9859;240,0000;239,9932;
180,0000;179,9861;250,0000;249,9926;
180,0000;179,9860;260,0000;259,9917;
180,0000;179,9860;270,0000;269,9912;
180,0000;179,9863;280,0000;279,9917;
180,0000;179,9862;290,0000;289,9921;
180,0000;179,9863;300,0000;299,9926;
180,0000;179,9864;310,0000;309,9925;
180,0000;179,9864;320,0000;319,9921;
180,0000;179,9864;330,0000;329,9917;
180,0000;179,9866;340,0000;339,9909;
180,0000;179,9859;350,0000;349,9892;
180,0000;179,9865;360,0000;359,9890;
180,0000;179,9863;370,0000;369,9884;
180,0000;179,9863;380,0000;379,9882;
180,0000;179,9869;390,0000;389,9886;
180,0000;179,9861;400,0000;399,9893;
180,0000;179,9864;410,0000;409,9901;
180,0000;179,9861;420,0000;419,9906;
180,0000;179,9866;430,0000;429,9910;
180,0000;179,9864;440,0000;439,9917;
180,0000;179,9862;450,0000;449,9915;
180,0000;179,9863;460,0000;459,9917;
180,0000;179,9862;470,0000;469,9914;
180,0000;179,9861;480,0000;479,9904;
180,0000;179,9862;490,0000;489,9897;
180,0000;179,9862;500,0000;499,9880;
180,0000;179,9866;510,0000;509,9868;
180,0000;179,9866;520,0000;519,9861;
180,0000;179,9868;530,0000;529,9861;
180,0000;179,9864;540,0000;539,9859;
180,0000;179,9864;550,0000;549,9856;
180,0000;179,9860;560,0000;559,9852;
180,0000;179,9862;570,0000;569,9856;
180,0000;179,9855;580,0000;579,9855;
180,0000;179,9856;590,0000;589,9860;
180,0000;179,9851;600,0000;599,9860;
180,0000;179,9853;610,0000;609,9861;
180,0000;179,9852;620,0000;619,9855;
180,0000;179,9853;630,0000;629,9847;
180,0000;179,9852;640,0000;639,9837;
180,0000;179,9852;650,0000;649,9833;
180,0000;179,9850;660,0000;659,9830;
180,0000;179,9856;670,0000;669,9827;
180,0000;179,9855;680,0000;679,9824;
190,0000;189,9882;0,0000;-0,0024;
190,0000;189,9883;10,0000;9,9974;
190,0000;189,9881;20,0000;19,9968;
190,0000;189,9889;30,0000;29,9965;
190,0000;189,9893;40,0000;39,9958;
190,0000;189,9896;50,0000;49,9949;
190,0000;189,9895;60,0000;59,9940;
190,0000;189,9894;70,0000;69,9934;
190,0000;189,9893;80,0000;79,9932;
190,0000;189,9887;90,0000;89,9924;
190,0000;189,9889;100,0000;99,9927;
190,0000;189,9889;110,0000;109,9928;
190,0000;189,9887;120,0000;119,9926;
190,0000;189,9885;130,0000;129,9924;
190,0000;189,9879;140,0000;139,9924;
190,0000;189,9876;150,0000;149,9922;
190,0000;189,9867;160,0000;159,9919;
190,0000;189,9866;170,0000;169,9925;
190,0000;189,9862;180,0000;179,9919;
190,0000;189,9861;190,0000;189,9929;
190,0000;189,9860;200,0000;199,9935;
190,0000;189,9854;210,0000;209,9937;
190,0000;189,9860;220,0000;219,9938;
190,0000;189,9857;230,0000;229,9933;
190,0000;189,9862;240,0000;239,9929;
190,0000;189,9858;250,0000;249,9924;
190,0000;189,9864;260,0000;259,9918;
190,0000;189,9866;270,0000;269,9914;
190,0000;189,9858;280,0000;279,9911;
190,0000;189,9862;290,0000;289,9918;
190,0000;189,9863;300,0000;299,9920;
190,0000;189,9863;310,0000;309,9921;
190,0000;189,9863;320,0000;319,9919;
190,0000;189,9860;330,0000;329,9908;
190,0000;189,9858;340,0000;339,9900;
190,0000;189,9860;350,0000;349,9890;
190,0000;189,9860;360,0000;359,9887;
190,0000;189,9864;370,0000;369,9885;
190,0000;189,9870;380,0000;379,9885;
190,0000;189,9867;390,0000;389,9888;
190,0000;189,9863;400,0000;399,9889;
190,0000;189,9863;410,0000;409,9894;
190,0000;189,9861;420,0000;419,9896;
190,0000;189,9858;430,0000;429,9900;
190,0000;189,9862;440,0000;439,9911;
190,0000;189,9862;450,0000;449,9911;
190,0000;189,9858;460,0000;459,9912;
190,0000;189,9858;470,0000;469,9909;
190,0000;189,9861;480,0000;479,9907;
190,0000;189,9857;490,0000;489,9892;
190,0000;189,9864;500,0000;499,9872;
190,0000;189,9866;510,0000;509,9866;
190,0000;189,9863;520,0000;519,9863;
190,0000;189,9868;530,0000;529,9858;
190,0000;189,9865;540,0000;539,9854;
190,0000;189,9861;550,0000;549,9845;
190,0000;189,9860;560,0000;559,9846;
190,0000;189,9855;570,0000;569,9846;
190,0000;189,9858;580,0000;579,9857;
190,0000;189,9852;590,0000;589,9854;
190,0000;189,9850;600,0000;599,9860;
190,0000;189,9847;610,0000;609,9854;
190,0000;189,9852;620,0000;619,9850;
190,0000;189,9850;630,0000;629,9843;
190,0000;189,9849;640,0000;639,9837;
190,0000;189,9847;650,0000;649,9830;
190,0000;189,9848;660,0000;659,9825;
190,0000;189,9852;670,0000;669,9823;
190,0000;189,9851;680,0000;679,9822;
200,0000;199,9875;0,0000;-0,0025;
200,0000;199,9876;10,0000;9,9972;
200,0000;199,9883;20,0000;19,9971;
200,0000;199,9882;30,0000;29,9965;
200,0000;199,9883;40,0000;39,9955;
200,0000;199,9887;50,0000;49,9951;
200,0000;199,9892;60,0000;59,9944;
200,0000;199,9891;70,0000;69,9936;
200,0000;199,9891;80,0000;79,9933;
200,0000;199,9882;90,0000;89,9929;
200,0000;199,9884;100,0000;99,9928;
200,0000;199,9881;110,0000;109,9927;
200,0000;199,9886;120,0000;119,9922;
200,0000;199,9880;130,0000;129,9922;
200,0000;199,9873;140,0000;139,9922;
200,0000;199,9871;150,0000;149,9919;
200,0000;199,9860;160,0000;159,9916;
200,0000;199,9857;170,0000;169,9918;
200,0000;199,9857;180,0000;179,9921;
200,0000;199,9857;190,0000;189,9927;
200,0000;199,9859;200,0000;199,9927;
200,0000;199,9855;210,0000;209,9934;
200,0000;199,9854;220,0000;219,9929;
200,0000;199,9848;230,0000;229,9923;
200,0000;199,9854;240,0000;239,9925;
200,0000;199,9853;250,0000;249,9919;
200,0000;199,9860;260,0000;259,9904;
200,0000;199,9856;270,0000;269,9906;
200,0000;199,9858;280,0000;279,9908;
200,0000;199,9860;290,0000;289,9914;
200,0000;199,9858;300,0000;299,9915;
200,0000;199,9852;310,0000;309,9914;
200,0000;199,9854;320,0000;319,9913;
200,0000;199,9858;330,0000;329,9907;
200,0000;199,9856;340,0000;339,9898;
200,0000;199,9856;350,0000;349,9887;
200,0000;199,9856;360,0000;359,9884;
200,0000;199,9859;370,0000;369,9884;
200,0000;199,9865;380,0000;379,9881;
200,0000;199,9860;390,0000;389,9882;
200,0000;199,9861;400,0000;399,9887;
200,0000;199,9862;410,0000;409,9892;
200,0000;199,9858;420,0000;419,9896;
200,0000;199,9859;430,0000;429,9902;
200,0000;199,9859;440,0000;439,9903;
200,0000;199,9862;450,0000;449,9906;
200,0000;199,9860;460,0000;459,9908;
200,0000;199,9857;470,0000;469,9906;
200,0000;199,9860;480,0000;479,9902;
200,0000;199,9855;490,0000;489,9888;
200,0000;199,9861;500,0000;499,9879;
200,0000;199,9865;510,0000;509,9867;
200,0000;199,9860;520,0000;519,9856;
200,0000;199,9870;530,0000;529,9860;
200,0000;199,9858;540,0000;539,9851;
200,0000;199,9859;550,0000;549,9848;
200,0000;199,9870;560,0000;559,9844;
200,0000;199,9856;570,0000;569,9845;
200,0000;199,9853;580,0000;579,9845;
200,0000;199,9850;590,0000;589,9851;
200,0000;199,9850;600,0000;599,9859;
200,0000;199,9842;610,0000;609,9852;
200,0000;199,9845;620,0000;619,9849;
200,0000;199,9846;630,0000;629,9846;
200,0000;199,9842;640,0000;639,9833;
200,0000;199,9846;650,0000;649,9831;
200,0000;199,9844;660,0000;659,9825;
200,0000;199,9844;670,0000;669,9819;
200,0000;199,9847;680,0000;679,9820;
210,0000;209,9880;0,0000;-0,0028;
210,0000;209,9882;10,0000;9,9975;
210,0000;209,9884;20,0000;19,9970;
210,0000;209,9886;30,0000;29,9964;
210,0000;209,9885;40,0000;39,9958;
210,0000;209,9884;50,0000;49,9949;
210,0000;209,9887;60,0000;59,9943;
210,0000;209,9887;70,0000;69,9932;
210,0000;209,9885;80,0000;79,9925;
210,0000;209,9881;90,0000;89,9924;
210,0000;209,9878;100,0000;99,9924;
210,0000;209,9881;110,0000;109,9920;
210,0000;209,9880;120,0000;119,9917;
210,0000;209,9881;130,0000;129,9916;
210,0000;209,9871;140,0000;139,9911;
210,0000;209,9868;150,0000;149,9910;
210,0000;209,9861;160,0000;159,9910;
210,0000;209,9858;170,0000;169,9911;
210,0000;209,9853;180,0000;179,9913;
210,0000;209,9853;190,0000;189,9920;
210,0000;209,9852;200,0000;199,9924;
210,0000;209,9858;210,0000;209,9931;
210,0000;209,9849;220,0000;219,9928;
210,0000;209,9854;230,0000;229,9925;
210,0000;209,9851;240,0000;239,9922;
210,0000;209,9848;250,0000;249,9913;
210,0000;209,9852;260,0000;259,9903;
210,0000;209,9856;270,0000;269,9901;
210,0000;209,9856;280,0000;279,9905;
210,0000;209,9856;290,0000;289,9910;
210,0000;209,9856;300,0000;299,9911;
210,0000;209,9858;310,0000;309,9911;
210,0000;209,9856;320,0000;319,9912;
210,0000;209,9855;330,0000;329,9907;
210,0000;209,9852;340,0000;339,9897;
210,0000;209,9858;350,0000;349,9891;
210,0000;209,9858;360,0000;359,9889;
210,0000;209,9854;370,0000;369,9880;
210,0000;209,9856;380,0000;379,9879;
210,0000;209,9858;390,0000;389,9879;
210,0000;209,9856;400,0000;399,9883;
210,0000;209,9859;410,0000;409,9887;
210,0000;209,9857;420,0000;419,9890;
210,0000;209,9861;430,0000;429,9895;
210,0000;209,9858;440,0000;439,9899;
210,0000;209,9862;450,0000;449,9903;
210,0000;209,9858;460,0000;459,9904;
210,0000;209,9859;470,0000;469,9902;
210,0000;209,9856;480,0000;479,9895;
210,0000;209,9856;490,0000;489,9888;
210,0000;209,9856;500,0000;499,9874;
210,0000;209,9855;510,0000;509,9861;
210,0000;209,9853;520,0000;519,9852;
210,0000;209,9854;530,0000;529,9854;
210,0000;209,9852;540,0000;539,9847;
210,0000;209,9856;550,0000;549,9840;
210,0000;209,9851;560,0000;559,9837;
210,0000;209,9852;570,0000;569,9837;
210,0000;209,9848;580,0000;579,9837;
210,0000;209,9844;590,0000;589,9842;
210,0000;209,9840;600,0000;599,9846;
210,0000;209,9839;610,0000;609,9850;
210,0000;209,9843;620,0000;619,9849;
210,0000;209,9840;630,0000;629,9842;
210,0000;209,9842;640,0000;639,9836;
210,0000;209,9836;650,0000;649,9829;
210,0000;209,9840;660,0000;659,9828;
210,0000;209,9838;670,0000;669,9818;
210,0000;209,9839;680,0000;679,9818;
220,0000;219,9873;0,0000;-0,0028;
220,0000;219,9877;10,0000;9,9974;
220,0000;219,9875;20,0000;19,9969;
220,0000;219,9874;30,0000;29,9960;
220,0000;219,9876;40,0000;39,9954;
220,0000;219,9877;50,0000;49,9948;
220,0000;219,9876;60,0000;59,9934;
220,0000;219,9876;70,0000;69,9928;
220,0000;219,9878;80,0000;79,9924;
220,0000;219,9877;90,0000;89,9927;
220,0000;219,9871;100,0000;99,9923;
220,0000;219,9871;110,0000;109,9920;
220,0000;219,9872;120,0000;119,9920;
220,0000;219,9870;130,0000;129,9918;
220,0000;219,9866;140,0000;139,9910;
220,0000;219,9861;150,0000;149,9909;
220,0000;219,9854;160,0000;159,9908;
220,0000;219,9848;170,0000;169,9906;
220,0000;219,9848;180,0000;179,9913;
220,0000;219,9847;190,0000;189,9918;
220,0000;219,9848;200,0000;199,9924;
220,0000;219,9846;210,0000;209,9928;
220,0000;219,9850;220,0000;219,9926;
220,0000;219,9844;230,0000;229,9922;
220,0000;219,9842;240,0000;239,9922;
220,0000;219,9849;250,0000;249,9916;
220,0000;219,9849;260,0000;259,9907;
220,0000;219,9851;270,0000;269,9907;
220,0000;219,9847;280,0000;279,9902;
220,0000;219,9848;290,0000;289,9909;
220,0000;219,9847;300,0000;299,9911;
220,0000;219,9846;310,0000;309,9914;
220,0000;219,9848;320,0000;319,9911;
220,0000;219,9853;330,0000;329,9904;
220,0000;219,9849;340,0000;339,9894;
220,0000;219,9849;350,0000;349,9891;
220,0000;219,9852;360,0000;359,9890;
220,0000;219,9855;370,0000;369,9884;
220,0000;219,9854;380,0000;379,9882;
220,0000;219,9852;390,0000;389,9877;
220,0000;219,9849;400,0000;399,9882;
220,0000;219,9848;410,0000;409,9885;
220,0000;219,9850;420,0000;419,9890;
220,0000;219,9854;430,0000;429,9896;
220,0000;219,9853;440,0000;439,9897;
220,0000;219,9854;450,0000;449,9896;
220,0000;219,9856;460,0000;459,9901;
220,0000;219,9852;470,0000;469,9898;
220,0000;219,9854;480,0000;479,9898;
220,0000;219,9849;490,0000;489,9884;
220,0000;219,9848;500,0000;499,9874;
220,0000;219,9851;510,0000;509,9860;
220,0000;219,9852;520,0000;519,9858;
220,0000;219,9851;530,0000;529,9856;
220,0000;219,9849;540,0000;539,9848;
220,0000;219,9856;550,0000;549,9843;
220,0000;219,9848;560,0000;559,9837;
220,0000;219,9848;570,0000;569,9836;
220,0000;219,9847;580,0000;579,9840;
220,0000;219,9844;590,0000;589,9844;
220,0000;219,9841;600,0000;599,9850;
220,0000;219,9836;610,0000;609,9857;
220,0000;219,9838;620,0000;619,9848;
220,0000;219,9844;630,0000;629,9843;
220,0000;219,9843;640,0000;639,9837;
220,0000;219,9841;650,0000;649,9829;
220,0000;219,9834;660,0000;659,9826;
220,0000;219,9837;670,0000;669,9824;
220,0000;219,9833;680,0000;679,9815;
230,0000;229,9874;0,0000;-0,0034;
230,0000;229,9881;10,0000;9,9964;
230,0000;229,9878;20,0000;19,9963;
230,0000;229,9876;30,0000;29,9957;
230,0000;229,9876;40,0000;39,9946;
230,0000;229,9878;50,0000;49,9943;
230,0000;229,9879;60,0000;59,9937;
230,0000;229,9879;70,0000;69,9922;
230,0000;229,9884;80,0000;79,9927;
230,0000;229,9878;90,0000;89,9924;
230,0000;229,9876;100,0000;99,9917;
230,0000;229,9878;110,0000;109,9915;
230,0000;229,9873;120,0000;119,9911;
230,0000;229,9864;130,0000;129,9909;
230,0000;229,9863;140,0000;139,9903;
230,0000;229,9853;150,0000;149,9897;
230,0000;229,9854;160,0000;159,9899;
230,0000;229,9850;170,0000;169,9903;
230,0000;229,9848;180,0000;179,9911;
230,0000;229,9849;190,0000;189,9914;
230,0000;229,9850;200,0000;199,9923;
230,0000;229,9853;210,0000;209,9925;
230,0000;229,9848;220,0000;219,9923;
230,0000;229,9850;230,0000;229,9921;
230,0000;229,9850;240,0000;239,9915;
230,0000;229,9850;250,0000;249,9908;
230,0000;229,9850;260,0000;259,9904;
230,0000;229,9850;270,0000;269,9898;
230,0000;229,9855;280,0000;279,9888;
230,0000;229,9849;290,0000;289,9903;
230,0000;229,9850;300,0000;299,9905;
230,0000;229,9848;310,0000;309,9908;
230,0000;229,9848;320,0000;319,9904;
230,0000;229,9858;330,0000;329,9904;
230,0000;229,9852;340,0000;339,9896;
230,0000;229,9849;350,0000;349,9890;
230,0000;229,9851;360,0000;359,9885;
230,0000;229,9853;370,0000;369,9882;
230,0000;229,9848;380,0000;379,9873;
230,0000;229,9849;390,0000;389,9879;
230,0000;229,9848;400,0000;399,9882;
230,0000;229,9849;410,0000;409,9888;
230,0000;229,9850;420,0000;419,9888;
230,0000;229,9853;430,0000;429,9891;
230,0000;229,9854;440,0000;439,9898;
230,0000;229,9858;450,0000;449,9898;
230,0000;229,9857;460,0000;459,9897;
230,0000;229,9849;470,0000;469,9897;
230,0000;229,9846;480,0000;479,9891;
230,0000;229,9851;490,0000;489,9884;
230,0000;229,9853;500,0000;499,9872;
230,0000;229,9849;510,0000;509,9852;
230,0000;229,9851;520,0000;519,9852;
230,0000;229,9850;530,0000;529,9851;
230,0000;229,9851;540,0000;539,9841;
230,0000;229,9847;550,0000;549,9835;
230,0000;229,9851;560,0000;559,9834;
230,0000;229,9848;570,0000;569,9831;
230,0000;229,9837;580,0000;579,9832;
230,0000;229,9844;590,0000;589,9844;
230,0000;229,9836;600,0000;599,9842;
230,0000;229,9843;610,0000;609,9850;
230,0000;229,9836;620,0000;619,9845;
230,0000;229,9837;630,0000;629,9840;
230,0000;229,9834;640,0000;639,9832;
230,0000;229,9834;650,0000;649,9830;
230,0000;229,9827;660,0000;659,9819;
230,0000;229,9831;670,0000;669,9817;
230,0000;229,9831;680,0000;679,9816;
240,0000;239,9874;0,0000;-0,0036;
240,0000;239,9873;10,0000;9,9968;
240,0000;239,9878;20,0000;19,9962;
240,0000;239,9875;30,0000;29,9955;
240,0000;239,9878;40,0000;39,9950;
240,0000;239,9878;50,0000;49,9947;
240,0000;239,9873;60,0000;59,9932;
240,0000;239,9876;70,0000;69,9929;
240,0000;239,9875;80,0000;79,9918;
240,0000;239,9875;90,0000;89,9921;
240,0000;239,9869;100,0000;99,9918;
240,0000;239,9867;110,0000;109,9911;
240,0000;239,9870;120,0000;119,9910;
240,0000;239,9868;130,0000;129,9910;
240,0000;239,9864;140,0000;139,9907;
240,0000;239,9858;150,0000;149,9901;
240,0000;239,9849;160,0000;159,9895;
240,0000;239,9850;170,0000;169,9904;
240,0000;239,9845;180,0000;179,9908;
240,0000;239,9848;190,0000;189,9916;
240,0000;239,9845;200,0000;199,9922;
240,0000;239,9836;210,0000;209,9925;
240,0000;239,9842;220,0000;219,9919;
240,0000;239,9844;230,0000;229,9918;
240,0000;239,9844;240,0000;239,9911;
240,0000;239,9845;250,0000;249,9905;
240,0000;239,9856;260,0000;259,9886;
240,0000;239,9846;270,0000;269,9895;
240,0000;239,9849;280,0000;279,9900;
240,0000;239,9846;290,0000;289,9900;
240,0000;239,9846;300,0000;299,9910;
240,0000;239,9848;310,0000;309,9910;
240,0000;239,9853;320,0000;319,9911;
240,0000;239,9851;330,0000;329,9904;
240,0000;239,9845;340,0000;339,9889;
240,0000;239,9847;350,0000;349,9885;
240,0000;239,9843;360,0000;359,9884;
240,0000;239,9843;370,0000;369,9879;
240,0000;239,9844;380,0000;379,9877;
240,0000;239,9843;390,0000;389,9880;
240,0000;239,9846;400,0000;399,9879;
240,0000;239,9842;410,0000;409,9885;
240,0000;239,9843;420,0000;419,9890;
240,0000;239,9842;430,0000;429,9893;
240,0000;239,9849;440,0000;439,9895;
240,0000;239,9848;450,0000;449,9893;
240,0000;239,9847;460,0000;459,9892;
240,0000;239,9850;470,0000;469,9890;
240,0000;239,9849;480,0000;479,9886;
240,0000;239,9845;490,0000;489,9878;
240,0000;239,9847;500,0000;499,9867;
240,0000;239,9842;510,0000;509,9854;
240,0000;239,9845;520,0000;519,9849;
240,0000;239,9841;530,0000;529,9841;
240,0000;239,9846;540,0000;539,9841;
240,0000;239,9842;550,0000;549,9834;
240,0000;239,9842;560,0000;559,9829;
240,0000;239,9841;570,0000;569,9827;
240,0000;239,9838;580,0000;579,9824;
240,0000;239,9838;590,0000;589,9834;
240,0000;239,9836;600,0000;599,9841;
240,0000;239,9837;610,0000;609,9847;
240,0000;239,9840;620,0000;619,9844;
240,0000;239,9839;630,0000;629,9838;
240,0000;239,9832;640,0000;639,9830;
240,0000;239,9831;650,0000;649,9826;
240,0000;239,9824;660,0000;659,9813;
240,0000;239,9828;670,0000;669,9813;
240,0000;239,9829;680,0000;679,9819;
250,0000;249,9877;0,0000;-0,0036;
250,0000;249,9882;10,0000;9,9963;
250,0000;249,9877;20,0000;19,9953;
250,0000;249,9875;30,0000;29,9950;
250,0000;249,9877;40,0000;39,9946;
250,0000;249,9876;50,0000;49,9940;
250,0000;249,9877;60,0000;59,9935;
250,0000;249,9881;70,0000;69,9925;
250,0000;249,9879;80,0000;79,9921;
250,0000;249,9869;90,0000;89,9917;
250,0000;249,9868;100,0000;99,9917;
250,0000;249,9869;110,0000;109,9913;
250,0000;249,9869;120,0000;119,9912;
250,0000;249,9862;130,0000;129,9901;
250,0000;249,9858;140,0000;139,9902;
250,0000;249,9851;150,0000;149,9897;
250,0000;249,9850;160,0000;159,9896;
250,0000;249,9846;170,0000;169,9902;
250,0000;249,9846;180,0000;179,9909;
250,0000;249,9849;190,0000;189,9918;
250,0000;249,9851;200,0000;199,9924;
250,0000;249,9851;210,0000;209,9928;
250,0000;249,9846;220,0000;219,9918;
250,0000;249,9852;230,0000;229,9920;
250,0000;249,9852;240,0000;239,9910;
250,0000;249,9847;250,0000;249,9903;
250,0000;249,9852;260,0000;259,9899;
250,0000;249,9848;270,0000;269,9890;
250,0000;249,9848;280,0000;279,9898;
250,0000;249,9847;290,0000;289,9904;
250,0000;249,9845;300,0000;299,9904;
250,0000;249,9851;310,0000;309,9908;
250,0000;249,9852;320,0000;319,9912;
250,0000;249,9847;330,0000;329,9899;
250,0000;249,9847;340,0000;339,9891;
250,0000;249,9847;350,0000;349,9884;
250,0000;249,9849;360,0000;359,9886;
250,0000;249,9843;370,0000;369,9877;
250,0000;249,9846;380,0000;379,9879;
250,0000;249,9839;390,0000;389,9879;
250,0000;249,9835;400,0000;399,9877;
250,0000;249,9840;410,0000;409,9889;
250,0000;249,9841;420,0000;419,9887;
250,0000;249,9845;430,0000;429,9892;
250,0000;249,9851;440,0000;439,9894;
250,0000;249,9852;450,0000;449,9895;
250,0000;249,9848;460,0000;459,9892;
250,0000;249,9848;470,0000;469,9887;
250,0000;249,9844;480,0000;479,9886;
250,0000;249,9838;490,0000;489,9871;
250,0000;249,9843;500,0000;499,9863;
250,0000;249,9843;510,0000;509,9857;
250,0000;249,9847;520,0000;519,9854;
250,0000;249,9840;530,0000;529,9845;
250,0000;249,9843;540,0000;539,9843;
250,0000;249,9841;550,0000;549,9838;
250,0000;249,9839;560,0000;559,9833;
250,0000;249,9836;570,0000;569,9833;
250,0000;249,9838;580,0000;579,9828;
250,0000;249,9836;590,0000;589,9837;
250,0000;249,9834;600,0000;599,9838;
250,0000;249,9837;610,0000;609,9843;
250,0000;249,9838;620,0000;619,9844;
250,0000;249,9835;630,0000;629,9835;
250,0000;249,9829;640,0000;639,9825;
250,0000;249,9827;650,0000;649,9823;
250,0000;249,9825;660,0000;659,9818;
250,0000;249,9824;670,0000;669,9815;
250,0000;249,9822;680,0000;679,9812;
260,0000;259,9877;0,0000;-0,0038;
260,0000;259,9878;10,0000;9,9961;
260,0000;259,9882;20,0000;19,9962;
260,0000;259,9878;30,0000;29,9948;
260,0000;259,9881;40,0000;39,9949;
260,0000;259,9878;50,0000;49,9942;
260,0000;259,9877;60,0000;59,9935;
260,0000;259,9874;70,0000;69,9926;
260,0000;259,9876;80,0000;79,9920;
260,0000;259,9875;90,0000;89,9919;
260,0000;259,9868;100,0000;99,9910;
260,0000;259,9860;110,0000;109,9902;
260,0000;259,9868;120,0000;119,9907;
260,0000;259,9864;130,0000;129,9903;
260,0000;259,9860;140,0000;139,9894;
260,0000;259,9856;150,0000;149,9893;
260,0000;259,9851;160,0000;159,9896;
260,0000;259,9851;170,0000;169,9900;
260,0000;259,9851;180,0000;179,9908;
260,0000;259,9853;190,0000;189,9919;
260,0000;259,9851;200,0000;199,9923;
260,0000;259,9857;210,0000;209,9927;
260,0000;259,9855;220,0000;219,9922;
260,0000;259,9853;230,0000;229,9915;
260,0000;259,9851;240,0000;239,9909;
260,0000;259,9853;250,0000;249,9905;
260,0000;259,9857;260,0000;259,9894;
260,0000;259,9853;270,0000;269,9890;
260,0000;259,9848;280,0000;279,9888;
260,0000;259,9854;290,0000;289,9903;
260,0000;259,9849;300,0000;299,9905;
260,0000;259,9853;310,0000;309,9911;
260,0000;259,9855;320,0000;319,9909;
260,0000;259,9854;330,0000;329,9902;
260,0000;259,9849;340,0000;339,9886;
260,0000;259,9849;350,0000;349,9885;
260,0000;259,9846;360,0000;359,9880;
260,0000;259,9850;370,0000;369,9882;
260,0000;259,9842;380,0000;379,9879;
260,0000;259,9842;390,0000;389,9881;
260,0000;259,9836;400,0000;399,9882;
260,0000;259,9840;410,0000;409,9887;
260,0000;259,9842;420,0000;419,9892;
260,0000;259,9841;430,0000;429,9897;
260,0000;259,9849;440,0000;439,9892;
260,0000;259,9848;450,0000;449,9892;
260,0000;259,9853;460,0000;459,9896;
260,0000;259,9850;470,0000;469,9885;
260,0000;259,9847;480,0000;479,9885;
260,0000;259,9854;490,0000;489,9877;
260,0000;259,9849;500,0000;499,9863;
260,0000;259,9848;510,0000;509,9851;
260,0000;259,9841;520,0000;519,9841;
260,0000;259,9840;530,0000;529,9841;
260,0000;259,9836;540,0000;539,9838;
260,0000;259,9836;550,0000;549,9834;
260,0000;259,9831;560,0000;559,9824;
260,0000;259,9831;570,0000;569,9829;
260,0000;259,9829;580,0000;579,9832;
260,0000;259,9831;590,0000;589,9836;
260,0000;259,9826;600,0000;599,9841;
260,0000;259,9828;610,0000;609,9845;
260,0000;259,9834;620,0000;619,9844;
260,0000;259,9832;630,0000;629,9832;
260,0000;259,9828;640,0000;639,9828;
260,0000;259,9826;650,0000;649,9824;
260,0000;259,9824;660,0000;659,9821;
260,0000;259,9821;670,0000;669,9816;
260,0000;259,9827;680,0000;679,9820;
270,0000;269,9886;0,0000;-0,0037;
270,0000;269,9885;10,0000;9,9958;
270,0000;269,9887;20,0000;19,9957;
270,0000;269,9884;30,0000;29,9949;
270,0000;269,9882;40,0000;39,9941;
270,0000;269,9881;50,0000;49,9937;
270,0000;269,9878;60,0000;59,9932;
270,0000;269,9878;70,0000;69,9931;
270,0000;269,9880;80,0000;79,9922;
270,0000;269,9872;90,0000;89,9915;
270,0000;269,9870;100,0000;99,9914;
270,0000;269,9875;110,0000;109,9906;
270,0000;269,9873;120,0000;119,9908;
270,0000;269,9872;130,0000;129,9908;
270,0000;269,9867;140,0000;139,9899;
270,0000;269,9864;150,0000;149,9892;
270,0000;269,9859;160,0000;159,9901;
270,0000;269,9855;170,0000;169,9902;
270,0000;269,9852;180,0000;179,9905;
270,0000;269,9859;190,0000;189,9921;
270,0000;269,9851;200,0000;199,9918;
270,0000;269,9856;210,0000;209,9923;
270,0000;269,9859;220,0000;219,9923;
270,0000;269,9858;230,0000;229,9918;
270,0000;269,9858;240,0000;239,9906;
270,0000;269,9861;250,0000;249,9899;
270,0000;269,9865;260,0000;259,9892;
270,0000;269,9862;270,0000;269,9887;
270,0000;269,9863;280,0000;279,9894;
270,0000;269,9865;290,0000;289,9899;
270,0000;269,9863;300,0000;299,9908;
270,0000;269,9860;310,0000;309,9910;
270,0000;269,9860;320,0000;319,9905;
270,0000;269,9858;330,0000;329,9899;
270,0000;269,9856;340,0000;339,9891;
270,0000;269,9846;350,0000;349,9878;
270,0000;269,9846;360,0000;359,9880;
270,0000;269,9849;370,0000;369,9873;
270,0000;269,9844;380,0000;379,9876;
270,0000;269,9843;390,0000;389,9879;
270,0000;269,9846;400,0000;399,9883;
270,0000;269,9842;410,0000;409,9889;
270,0000;269,9847;420,0000;419,9894;
270,0000;269,9846;430,0000;429,9895;
270,0000;269,9849;440,0000;439,9894;
270,0000;269,9852;450,0000;449,9897;
270,0000;269,9848;460,0000;459,9889;
270,0000;269,9854;470,0000;469,9889;
270,0000;269,9849;480,0000;479,9881;
270,0000;269,9847;490,0000;489,9870;
270,0000;269,9848;500,0000;499,9858;
270,0000;269,9848;510,0000;509,9849;
270,0000;269,9848;520,0000;519,9843;
270,0000;269,9843;530,0000;529,9838;
270,0000;269,9837;540,0000;539,9831;
270,0000;269,9834;550,0000;549,9825;
270,0000;269,9833;560,0000;559,9824;
270,0000;269,9826;570,0000;569,9826;
270,0000;269,9827;580,0000;579,9829;
270,0000;269,9830;590,0000;589,9840;
270,0000;269,9825;600,0000;599,9838;
270,0000;269,9832;610,0000;609,9842;
270,0000;269,9831;620,0000;619,9839;
270,0000;269,9828;630,0000;629,9830;
270,0000;269,9829;640,0000;639,9822;
270,0000;269,9828;650,0000;649,9817;
270,0000;269,9820;660,0000;659,9811;
270,0000;269,9825;670,0000;669,9812;
270,0000;269,9826;680,0000;679,9818;
280,0000;279,9889;0,0000;-0,0043;
280,0000;279,9888;10,0000;9,9956;
280,0000;279,9892;20,0000;19,9954;
280,0000;279,9886;30,0000;29,9943;
280,0000;279,9886;40,0000;39,9940;
280,0000;279,9881;50,0000;49,9936;
280,0000;279,9879;60,0000;59,9932;
280,0000;279,9885;70,0000;69,9928;
280,0000;279,9875;80,0000;79,9918;
280,0000;279,9878;90,0000;89,9918;
280,0000;279,9875;100,0000;99,9909;
280,0000;279,9877;110,0000;109,9908;
280,0000;279,9876;120,0000;119,9904;
280,0000;279,9874;130,0000;129,9901;
280,0000;279,9872;140,0000;139,9899;
280,0000;279,9861;150,0000;149,9891;
280,0000;279,9859;160,0000;159,9893;
280,0000;279,9863;170,0000;169,9901;
280,0000;279,9860;180,0000;179,9908;
280,0000;279,9861;190,0000;189,9919;
280,0000;279,9868;200,0000;199,9929;
280,0000;279,9862;210,0000;209,9928;
280,0000;279,9861;220,0000;219,9921;
280,0000;279,9862;230,0000;229,9918;
280,0000;279,9865;240,0000;239,9910;
280,0000;279,9866;250,0000;249,9908;
280,0000;279,9857;260,0000;259,9894;
280,0000;279,9863;270,0000;269,9889;
280,0000;279,9864;280,0000;279,9888;
280,0000;279,9862;290,0000;289,9898;
280,0000;279,9863;300,0000;299,9904;
280,0000;279,9861;310,0000;309,9908;
280,0000;279,9861;320,0000;319,9906;
280,0000;279,9855;330,0000;329,9895;
280,0000;279,9856;340,0000;339,9887;
280,0000;279,9861;350,0000;349,9884;
280,0000;279,9853;360,0000;359,9877;
280,0000;279,9848;370,0000;369,9875;
280,0000;279,9854;380,0000;379,9876;
280,0000;279,9845;390,0000;389,9878;
280,0000;279,9845;400,0000;399,9885;
280,0000;279,9841;410,0000;409,9888;
280,0000;279,9846;420,0000;419,9890;
280,0000;279,9843;430,0000;429,9899;
280,0000;279,9846;440,0000;439,9897;
280,0000;279,9851;450,0000;449,9898;
280,0000;279,9854;460,0000;459,9898;
280,0000;279,9852;470,0000;469,9888;
280,0000;279,9851;480,0000;479,9880;
280,0000;279,9852;490,0000;489,9873;
280,0000;279,9846;500,0000;499,9858;
280,0000;279,9848;510,0000;509,9849;
280,0000;279,9845;520,0000;519,9842;
280,0000;279,9841;530,0000;529,9834;
280,0000;279,9838;540,0000;539,9832;
280,0000;279,9837;550,0000;549,9829;
280,0000;279,9832;560,0000;559,9827;
280,0000;279,9831;570,0000;569,9829;
280,0000;279,9831;580,0000;579,9832;
280,0000;279,9830;590,0000;589,9837;
280,0000;279,9832;600,0000;599,9846;
280,0000;279,9828;610,0000;609,9844;
280,0000;279,9832;620,0000;619,9840;
280,0000;279,9829;630,0000;629,9830;
280,0000;279,9832;640,0000;639,9824;
280,0000;279,9821;650,0000;649,9820;
280,0000;279,9824;660,0000;659,9814;
280,0000;279,9822;670,0000;669,9810;
280,0000;279,9827;680,0000;679,9818;
290,0000;289,9893;0,0000;-0,0043;
290,0000;289,9894;10,0000;9,9957;
290,0000;289,9892;20,0000;19,9949;
290,0000;289,9894;30,0000;29,9942;
290,0000;289,9887;40,0000;39,9935;
290,0000;289,9883;50,0000;49,9937;
290,0000;289,9880;60,0000;59,9932;
290,0000;289,9883;70,0000;69,9926;
290,0000;289,9883;80,0000;79,9922;
290,0000;289,9878;90,0000;89,9916;
290,0000;289,9875;100,0000;99,9910;
290,0000;289,9877;110,0000;109,9903;
290,0000;289,9874;120,0000;119,9901;
290,0000;289,9875;130,0000;129,9899;
290,0000;289,9870;140,0000;139,9892;
290,0000;289,9869;150,0000;149,9890;
290,0000;289,9865;160,0000;159,9896;
290,0000;289,9864;170,0000;169,9899;
290,0000;289,9867;180,0000;179,9911;
290,0000;289,9865;190,0000;189,9920;
290,0000;289,9868;200,0000;199,9931;
290,0000;289,9864;210,0000;209,9926;
290,0000;289,9864;220,0000;219,9920;
290,0000;289,9864;230,0000;229,9914;
290,0000;289,9865;240,0000;239,9909;
290,0000;289,9869;250,0000;249,9908;
290,0000;289,9865;260,0000;259,9890;
290,0000;289,9867;270,0000;269,9889;
290,0000;289,9870;280,0000;279,9891;
290,0000;289,9872;290,0000;289,9901;
290,0000;289,9868;300,0000;299,9904;
290,0000;289,9864;310,0000;309,9901;
290,0000;289,9864;320,0000;319,9904;
290,0000;289,9862;330,0000;329,9901;
290,0000;289,9856;340,0000;339,9889;
290,0000;289,9854;350,0000;349,9880;
290,0000;289,9852;360,0000;359,9874;
290,0000;289,9852;370,0000;369,9876;
290,0000;289,9851;380,0000;379,9872;
290,0000;289,9846;390,0000;389,9878;
290,0000;289,9845;400,0000;399,9882;
290,0000;289,9846;410,0000;409,9888;
290,0000;289,9850;420,0000;419,9896;
290,0000;289,9847;430,0000;429,9898;
290,0000;289,9846;440,0000;439,9899;
290,0000;289,9852;450,0000;449,9899;
290,0000;289,9845;460,0000;459,9889;
290,0000;289,9851;470,0000;469,9889;
290,0000;289,9849;480,0000;479,9880;
290,0000;289,9842;490,0000;489,9867;
290,0000;289,9841;500,0000;499,9852;
290,0000;289,9846;510,0000;509,9843;
290,0000;289,9837;520,0000;519,9835;
290,0000;289,9838;530,0000;529,9835;
290,0000;289,9832;540,0000;539,9827;
290,0000;289,9831;550,0000;549,9827;
290,0000;289,9828;560,0000;559,9826;
290,0000;289,9832;570,0000;569,9829;
290,0000;289,9829;580,0000;579,9827;
290,0000;289,9830;590,0000;589,9843;
290,0000;289,9828;600,0000;599,9849;
290,0000;289,9834;610,0000;609,9852;
290,0000;289,9826;620,0000;619,9843;
290,0000;289,9828;630,0000;629,9832;
290,0000;289,9822;640,0000;639,9822;
290,0000;289,9822;650,0000;649,9819;
290,0000;289,9823;660,0000;659,9817;
290,0000;289,9821;670,0000;669,9813;
290,0000;289,9820;680,0000;679,9815;
300,0000;299,9902;0,0000;-0,0044;
300,0000;299,9895;10,0000;9,9956;
300,0000;299,9891;20,0000;19,9942;
300,0000;299,9892;30,0000;29,9939;
300,0000;299,9885;40,0000;39,9925;
300,0000;299,9893;50,0000;49,9933;
300,0000;299,9886;60,0000;59,9926;
300,0000;299,9884;70,0000;69,9922;
300,0000;299,9881;80,0000;79,9921;
300,0000;299,9876;90,0000;89,9916;
300,0000;299,9877;100,0000;99,9916;
300,0000;299,9876;110,0000;109,9906;
300,0000;299,9873;120,0000;119,9903;
300,0000;299,9876;130,0000;129,9904;
300,0000;299,9870;140,0000;139,9897;
300,0000;299,9872;150,0000;149,9891;
300,0000;299,9865;160,0000;159,9896;
300,0000;299,9868;170,0000;169,9901;
300,0000;299,9864;180,0000;179,9909;
300,0000;299,9856;190,0000;189,9920;
300,0000;299,9860;200,0000;199,9925;
300,0000;299,9857;210,0000;209,9926;
300,0000;299,9861;220,0000;219,9920;
300,0000;299,9860;230,0000;229,9915;
300,0000;299,9866;240,0000;239,9913;
300,0000;299,9864;250,0000;249,9902;
300,0000;299,9863;260,0000;259,9896;
300,0000;299,9873;270,0000;269,9887;
300,0000;299,9873;280,0000;279,9891;
300,0000;299,9873;290,0000;289,9896;
300,0000;299,9866;300,0000;299,9900;
300,0000;299,9864;310,0000;309,9905;
300,0000;299,9864;320,0000;319,9899;
300,0000;299,9858;330,0000;329,9893;
300,0000;299,9853;340,0000;339,9885;
300,0000;299,9851;350,0000;349,9879;
300,0000;299,9848;360,0000;359,9873;
300,0000;299,9848;370,0000;369,9870;
300,0000;299,9847;380,0000;379,9874;
300,0000;299,9850;390,0000;389,9880;
300,0000;299,9840;400,0000;399,9881;
300,0000;299,9846;410,0000;409,9896;
300,0000;299,9842;420,0000;419,9897;
300,0000;299,9843;430,0000;429,9895;
300,0000;299,9840;440,0000;439,9895;
300,0000;299,9841;450,0000;449,9894;
300,0000;299,9839;460,0000;459,9891;
300,0000;299,9841;470,0000;469,9889;
300,0000;299,9843;480,0000;479,9875;
300,0000;299,9839;490,0000;489,9863;
300,0000;299,9833;500,0000;499,9851;
300,0000;299,9831;510,0000;509,9838;
300,0000;299,9838;520,0000;519,9830;
300,0000;299,9833;530,0000;529,9831;
300,0000;299,9825;540,0000;539,9825;
300,0000;299,9827;550,0000;549,9826;
300,0000;299,9825;560,0000;559,9823;
300,0000;299,9826;570,0000;569,9826;
300,0000;299,9819;580,0000;579,9831;
300,0000;299,9818;590,0000;589,9838;
300,0000;299,9821;600,0000;599,9847;
300,0000;299,9824;610,0000;609,9845;
300,0000;299,9821;620,0000;619,9838;
300,0000;299,9821;630,0000;629,9827;
300,0000;299,9818;640,0000;639,9820;
300,0000;299,9818;650,0000;649,9820;
300,0000;299,9817;660,0000;659,9816;
300,0000;299,9817;670,0000;669,9814;
300,0000;299,9814;680,0000;679,9816;
310,0000;309,9884;0,0000;-0,0047;
310,0000;309,9885;10,0000;9,9954;
310,0000;309,9888;20,0000;19,9948;
310,0000;309,9884;30,0000;29,9937;
310,0000;309,9881;40,0000;39,9930;
310,0000;309,9878;50,0000;49,9930;
310,0000;309,9881;60,0000;59,9926;
310,0000;309,9880;70,0000;69,9928;
310,0000;309,9874;80,0000;79,9916;
310,0000;309,9875;90,0000;89,9922;
310,0000;309,9872;100,0000;99,9914;
310,0000;309,9868;110,0000;109,9910;
310,0000;309,9870;120,0000;119,9907;
310,0000;309,9867;130,0000;129,9904;
310,0000;309,9866;140,0000;139,9899;
310,0000;309,9863;150,0000;149,9893;
310,0000;309,9860;160,0000;159,9893;
310,0000;309,9863;170,0000;169,9907;
310,0000;309,9858;180,0000;179,9911;
310,0000;309,9859;190,0000;189,9924;
310,0000;309,9858;200,0000;199,9930;
310,0000;309,9858;210,0000;209,9926;
310,0000;309,9853;220,0000;219,9920;
310,0000;309,9853;230,0000;229,9917;
310,0000;309,9858;240,0000;239,9916;
310,0000;309,9854;250,0000;249,9908;
310,0000;309,9860;260,0000;259,9898;
310,0000;309,9862;270,0000;269,9891;
310,0000;309,9855;280,0000;279,9887;
310,0000;309,9858;290,0000;289,9895;
310,0000;309,9858;300,0000;299,9898;
310,0000;309,9857;310,0000;309,9900;
310,0000;309,9852;320,0000;319,9897;
310,0000;309,9850;330,0000;329,9894;
310,0000;309,9847;340,0000;339,9879;
310,0000;309,9846;350,0000;349,9879;
310,0000;309,9838;360,0000;359,9875;
310,0000;309,9841;370,0000;369,9870;
310,0000;309,9833;380,0000;379,9872;
310,0000;309,9842;390,0000;389,9880;
310,0000;309,9835;400,0000;399,9882;
310,0000;309,9837;410,0000;409,9890;
310,0000;309,9829;420,0000;419,9890;
310,0000;309,9833;430,0000;429,9896;
310,0000;309,9830;440,0000;439,9896;
310,0000;309,9832;450,0000;449,9897;
310,0000;309,9831;460,0000;459,9895;
310,0000;309,9832;470,0000;469,9888;
310,0000;309,9829;480,0000;479,9879;
310,0000;309,9831;490,0000;489,9871;
310,0000;309,9832;500,0000;499,9858;
310,0000;309,9827;510,0000;509,9845;
310,0000;309,9825;520,0000;519,9836;
310,0000;309,9822;530,0000;529,9831;
310,0000;309,9822;540,0000;539,9828;
310,0000;309,9825;550,0000;549,9831;
310,0000;309,9818;560,0000;559,9823;
310,0000;309,9820;570,0000;569,9830;
310,0000;309,9816;580,0000;579,9834;
310,0000;309,9817;590,0000;589,9846;
310,0000;309,9813;600,0000;599,9847;
310,0000;309,9816;610,0000;609,9851;
310,0000;309,9814;620,0000;619,9839;
310,0000;309,9819;630,0000;629,9835;
310,0000;309,9813;640,0000;639,9826;
310,0000;309,9811;650,0000;649,9820;
310,0000;309,9811;660,0000;659,9822;
310,0000;309,9808;670,0000;669,9815;
310,0000;309,9808;680,0000;679,9818;
320,0000;319,9879;0,0000;-0,0046;
320,0000;319,9878;10,0000;9,9949;
320,0000;319,9877;20,0000;19,9944;
320,0000;319,9877;30,0000;29,9937;
320,0000;319,9873;40,0000;39,9935;
320,0000;319,9871;50,0000;49,9931;
320,0000;319,9869;60,0000;59,9932;
320,0000;319,9866;70,0000;69,9920;
320,0000;319,9868;80,0000;79,9919;
320,0000;319,9860;90,0000;89,9914;
320,0000;319,9864;100,0000;99,9910;
320,0000;319,9858;110,0000;109,9908;
320,0000;319,9858;120,0000;119,9903;
320,0000;319,9860;130,0000;129,9902;
320,0000;319,9860;140,0000;139,9900;
320,0000;319,9857;150,0000;149,9895;
320,0000;319,9856;160,0000;159,9900;
320,0000;319,9854;170,0000;169,9902;
320,0000;319,9854;180,0000;179,9910;
320,0000;319,9851;190,0000;189,9920;
320,0000;319,9849;200,0000;199,9927;
320,0000;319,9846;210,0000;209,9926;
320,0000;319,9841;220,0000;219,9922;
320,0000;319,9846;230,0000;229,9920;
320,0000;319,9843;240,0000;239,9912;
320,0000;319,9846;250,0000;249,9905;
320,0000;319,9848;260,0000;259,9900;
320,0000;319,9848;270,0000;269,9893;
320,0000;319,9850;280,0000;279,9890;
320,0000;319,9850;290,0000;289,9894;
320,0000;319,9851;300,0000;299,9893;
320,0000;319,9852;310,0000;309,9897;
320,0000;319,9848;320,0000;319,9897;
320,0000;319,9844;330,0000;329,9886;
320,0000;319,9838;340,0000;339,9881;
320,0000;319,9836;350,0000;349,9881;
320,0000;319,9831;360,0000;359,9876;
320,0000;319,9830;370,0000;369,9874;
320,0000;319,9824;380,0000;379,9870;
320,0000;319,9826;390,0000;389,9875;
320,0000;319,9826;400,0000;399,9885;
320,0000;319,9825;410,0000;409,9894;
320,0000;319,9825;420,0000;419,9896;
320,0000;319,9819;430,0000;429,9896;
320,0000;319,9824;440,0000;439,9901;
320,0000;319,9818;450,0000;449,9898;
320,0000;319,9819;460,0000;459,9890;
320,0000;319,9818;470,0000;469,9891;
320,0000;319,9814;480,0000;479,9862;
320,0000;319,9818;490,0000;489,9864;
320,0000;319,9819;500,0000;499,9856;
320,0000;319,9816;510,0000;509,9840;
320,0000;319,9816;520,0000;519,9832;
320,0000;319,9814;530,0000;529,9827;
320,0000;319,9812;540,0000;539,9828;
320,0000;319,9818;550,0000;549,9829;
320,0000;319,9807;560,0000;559,9825;
320,0000;319,9809;570,0000;569,9834;
320,0000;319,9804;580,0000;579,9838;
320,0000;319,9810;590,0000;589,9849;
320,0000;319,9803;600,0000;599,9850;
320,0000;319,9804;610,0000;609,9849;
320,0000;319,9804;620,0000;619,9843;
320,0000;319,9803;630,0000;629,9832;
320,0000;319,9802;640,0000;639,9816;
320,0000;319,9798;650,0000;649,9819;
320,0000;319,9799;660,0000;659,9818;
320,0000;319,9794;670,0000;669,9815;
320,0000;319,9794;680,0000;679,9814;
330,0000;329,9873;0,0000;-0,0051;
330,0000;329,9875;10,0000;9,9953;
330,0000;329,9872;20,0000;19,9943;
330,0000;329,9869;30,0000;29,9934;
330,0000;329,9870;40,0000;39,9928;
330,0000;329,9874;50,0000;49,9927;
330,0000;329,9873;60,0000;59,9925;
330,0000;329,9861;70,0000;69,9920;
330,0000;329,9867;80,0000;79,9919;
330,0000;329,9862;90,0000;89,9918;
330,0000;329,9860;100,0000;99,9913;
330,0000;329,9856;110,0000;109,9910;
330,0000;329,9862;120,0000;119,9908;
330,0000;329,9858;130,0000;129,9905;
330,0000;329,9855;140,0000;139,9897;
330,0000;329,9860;150,0000;149,9901;
330,0000;329,9852;160,0000;159,9903;
330,0000;329,9857;170,0000;169,9903;
330,0000;329,9847;180,0000;179,9909;
330,0000;329,9850;190,0000;189,9912;
330,0000;329,9846;200,0000;199,9924;
330,0000;329,9844;210,0000;209,9925;
330,0000;329,9833;220,0000;219,9919;
330,0000;329,9835;230,0000;229,9918;
330,0000;329,9842;240,0000;239,9917;
330,0000;329,9842;250,0000;249,9911;
330,0000;329,9843;260,0000;259,9903;
330,0000;329,9842;270,0000;269,9894;
330,0000;329,9848;280,0000;279,9899;
330,0000;329,9848;290,0000;289,9899;
330,0000;329,9847;300,0000;299,9900;
330,0000;329,9844;310,0000;309,9896;
330,0000;329,9843;320,0000;319,9892;
330,0000;329,9839;330,0000;329,9885;
330,0000;329,9835;340,0000;339,9878;
330,0000;329,9831;350,0000;349,9872;
330,0000;329,9828;360,0000;359,9872;
330,0000;329,9820;370,0000;369,9865;
330,0000;329,9823;380,0000;379,9871;
330,0000;329,9822;390,0000;389,9879;
330,0000;329,9818;400,0000;399,9881;
330,0000;329,9819;410,0000;409,9885;
330,0000;329,9815;420,0000;419,9889;
330,0000;329,9819;430,0000;429,9893;
330,0000;329,9818;440,0000;439,9897;
330,0000;329,9814;450,0000;449,9895;
330,0000;329,9816;460,0000;459,9894;
330,0000;329,9816;470,0000;469,9886;
330,0000;329,9811;480,0000;479,9877;
330,0000;329,9813;490,0000;489,9861;
330,0000;329,9816;500,0000;499,9854;
330,0000;329,9814;510,0000;509,9840;
330,0000;329,9813;520,0000;519,9833;
330,0000;329,9815;530,0000;529,9830;
330,0000;329,9810;540,0000;539,9832;
330,0000;329,9813;550,0000;549,9827;
330,0000;329,9810;560,0000;559,9825;
330,0000;329,9812;570,0000;569,9833;
330,0000;329,9804;580,0000;579,9837;
330,0000;329,9805;590,0000;589,9846;
330,0000;329,9802;600,0000;599,9849;
330,0000;329,9802;610,0000;609,9851;
330,0000;329,9803;620,0000;619,9845;
330,0000;329,9801;630,0000;629,9823;
330,0000;329,9801;640,0000;639,9830;
330,0000;329,9796;650,0000;649,9823;
330,0000;329,9792;660,0000;659,9818;
330,0000;329,9792;670,0000;669,9816;
330,0000;329,9794;680,0000;679,9820;
340,0000;339,9864;0,0000;-0,0050;
340,0000;339,9865;10,0000;9,9947;
340,0000;339,9862;20,0000;19,9942;
340,0000;339,9872;30,0000;29,9939;
340,0000;339,9863;40,0000;39,9927;
340,0000;339,9862;50,0000;49,9933;
340,0000;339,9863;60,0000;59,9925;
340,0000;339,9865;70,0000;69,9925;
340,0000;339,9857;80,0000;79,9923;
340,0000;339,9851;90,0000;89,9919;
340,0000;339,9850;100,0000;99,9917;
340,0000;339,9851;110,0000;109,9913;
340,0000;339,9858;120,0000;119,9910;
340,0000;339,9850;130,0000;129,9906;
340,0000;339,9843;140,0000;139,9902;
340,0000;339,9846;150,0000;149,9898;
340,0000;339,9845;160,0000;159,9895;
340,0000;339,9841;170,0000;169,9899;
340,0000;339,9842;180,0000;179,9909;
340,0000;339,9844;190,0000;189,9918;
340,0000;339,9842;200,0000;199,9927;
340,0000;339,9838;210,0000;209,9922;
340,0000;339,9835;220,0000;219,9920;
340,0000;339,9834;230,0000;229,9918;
340,0000;339,9836;240,0000;239,9914;
340,0000;339,9840;250,0000;249,9915;
340,0000;339,9838;260,0000;259,9904;
340,0000;339,9834;270,0000;269,9894;
340,0000;339,9836;280,0000;279,9894;
340,0000;339,9835;290,0000;289,9896;
340,0000;339,9838;300,0000;299,9898;
340,0000;339,9838;310,0000;309,9898;
340,0000;339,9828;320,0000;319,9890;
340,0000;339,9828;330,0000;329,9886;
340,0000;339,9825;340,0000;339,9878;
340,0000;339,9823;350,0000;349,9875;
340,0000;339,9818;360,0000;359,9876;
340,0000;339,9820;370,0000;369,9872;
340,0000;339,9819;380,0000;379,9878;
340,0000;339,9814;390,0000;389,9884;
340,0000;339,9813;400,0000;399,9885;
340,0000;339,9815;410,0000;409,9894;
340,0000;339,9812;420,0000;419,9893;
340,0000;339,9815;430,0000;429,9897;
340,0000;339,9814;440,0000;439,9897;
340,0000;339,9811;450,0000;449,9895;
340,0000;339,9812;460,0000;459,9894;
340,0000;339,9812;470,0000;469,9891;
340,0000;339,9811;480,0000;479,9884;
340,0000;339,9814;490,0000;489,9880;
340,0000;339,9812;500,0000;499,9854;
340,0000;339,9814;510,0000;509,9843;
340,0000;339,9810;520,0000;519,9840;
340,0000;339,9812;530,0000;529,9835;
340,0000;339,9809;540,0000;539,9831;
340,0000;339,9807;550,0000;549,9826;
340,0000;339,9810;560,0000;559,9829;
340,0000;339,9806;570,0000;569,9831;
340,0000;339,9805;580,0000;579,9838;
340,0000;339,9800;590,0000;589,9844;
340,0000;339,9803;600,0000;599,9854;
340,0000;339,9801;610,0000;609,9853;
340,0000;339,9800;620,0000;619,9845;
340,0000;339,9802;630,0000;629,9839;
340,0000;339,9800;640,0000;639,9828;
340,0000;339,9792;650,0000;649,9821;
340,0000;339,9791;660,0000;659,9814;
340,0000;339,9788;670,0000;669,9814;
340,0000;339,9782;680,0000;679,9811;
350,0000;349,9861;0,0000;-0,0048;
350,0000;349,9866;10,0000;9,9954;
350,0000;349,9862;20,0000;19,9946;
350,0000;349,9863;30,0000;29,9937;
350,0000;349,9862;40,0000;39,9934;
350,0000;349,9861;50,0000;49,9930;
350,0000;349,9854;60,0000;59,9924;
350,0000;349,9857;70,0000;69,9924;
350,0000;349,9851;80,0000;79,9918;
350,0000;349,9850;90,0000;89,9918;
350,0000;349,9847;100,0000;99,9917;
350,0000;349,9845;110,0000;109,9916;
350,0000;349,9850;120,0000;119,9918;
350,0000;349,9848;130,0000;129,9917;
350,0000;349,9846;140,0000;139,9907;
350,0000;349,9844;150,0000;149,9907;
350,0000;349,9844;160,0000;159,9906;
350,0000;349,9843;170,0000;169,9908;
350,0000;349,9845;180,0000;179,9916;
350,0000;349,9840;190,0000;189,9920;
350,0000;349,9840;200,0000;199,9928;
350,0000;349,9833;210,0000;209,9926;
350,0000;349,9828;220,0000;219,9927;
350,0000;349,9831;230,0000;229,9923;
350,0000;349,9834;240,0000;239,9922;
350,0000;349,9833;250,0000;249,9918;
350,0000;349,9830;260,0000;259,9908;
350,0000;349,9829;270,0000;269,9898;
350,0000;349,9831;280,0000;279,9896;
350,0000;349,9832;290,0000;289,9902;
350,0000;349,9831;300,0000;299,9901;
350,0000;349,9829;310,0000;309,9900;
350,0000;349,9821;320,0000;319,9892;
350,0000;349,9824;330,0000;329,9889;
350,0000;349,9818;340,0000;339,9880;
350,0000;349,9810;350,0000;349,9877;
350,0000;349,9808;360,0000;359,9877;
350,0000;349,9809;370,0000;369,9879;
350,0000;349,9807;380,0000;379,9884;
350,0000;349,9807;390,0000;389,9889;
350,0000;349,9801;400,0000;399,9895;
350,0000;349,9805;410,0000;409,9900;
350,0000;349,9799;420,0000;419,9902;
350,0000;349,9802;430,0000;429,9905;
350,0000;349,9804;440,0000;439,9906;
350,0000;349,9803;450,0000;449,9900;
350,0000;349,9801;460,0000;459,9895;
350,0000;349,9801;470,0000;469,9892;
350,0000;349,9800;480,0000;479,9888;
350,0000;349,9800;490,0000;489,9876;
350,0000;349,9798;500,0000;499,9860;
350,0000;349,9802;510,0000;509,9846;
350,0000;349,9798;520,0000;519,9840;
350,0000;349,9796;530,0000;529,9835;
350,0000;349,9793;540,0000;539,9832;
350,0000;349,9797;550,0000;549,9836;
350,0000;349,9798;560,0000;559,9835;
350,0000;349,9796;570,0000;569,9838;
350,0000;349,9795;580,0000;579,9842;
350,0000;349,9791;590,0000;589,9853;
350,0000;349,9791;600,0000;599,9853;
350,0000;349,9788;610,0000;609,9854;
350,0000;349,9791;620,0000;619,9842;
350,0000;349,9792;630,0000;629,9838;
350,0000;349,9781;640,0000;639,9828;
350,0000;349,9783;650,0000;649,9824;
350,0000;349,9779;660,0000;659,9822;
350,0000;349,9778;670,0000;669,9818;
350,0000;349,9772;680,0000;679,9818;
360,0000;359,9854;0,0000;-0,0044;
360,0000;359,9850;10,0000;9,9958;
360,0000;359,9850;20,0000;19,9950;
360,0000;359,9852;30,0000;29,9941;
360,0000;359,9848;40,0000;39,9931;
360,0000;359,9851;50,0000;49,9930;
360,0000;359,9845;60,0000;59,9921;
360,0000;359,9842;70,0000;69,9920;
360,0000;359,9848;80,0000;79,9923;
360,0000;359,9844;90,0000;89,9922;
360,0000;359,9840;100,0000;99,9921;
360,0000;359,9840;110,0000;109,9919;
360,0000;359,9843;120,0000;119,9917;
360,0000;359,9840;130,0000;129,9920;
360,0000;359,9839;140,0000;139,9915;
360,0000;359,9833;150,0000;149,9910;
360,0000;359,9833;160,0000;159,9907;
360,0000;359,9832;170,0000;169,9911;
360,0000;359,9834;180,0000;179,9917;
360,0000;359,9828;190,0000;189,9917;
360,0000;359,9825;200,0000;199,9921;
360,0000;359,9825;210,0000;209,9925;
360,0000;359,9824;220,0000;219,9925;
360,0000;359,9822;230,0000;229,9924;
360,0000;359,9825;240,0000;239,9924;
360,0000;359,9824;250,0000;249,9917;
360,0000;359,9826;260,0000;259,9913;
360,0000;359,9823;270,0000;269,9903;
360,0000;359,9819;280,0000;279,9898;
360,0000;359,9816;290,0000;289,9900;
360,0000;359,9820;300,0000;299,9901;
360,0000;359,9815;310,0000;309,9899;
360,0000;359,9809;320,0000;319,9891;
360,0000;359,9804;330,0000;329,9884;
360,0000;359,9802;340,0000;339,9876;
360,0000;359,9799;350,0000;349,9875;
360,0000;359,9802;360,0000;359,9880;
360,0000;359,9800;370,0000;369,9880;
360,0000;359,9799;380,0000;379,9885;
360,0000;359,9793;390,0000;389,9884;
360,0000;359,9797;400,0000;399,9893;
360,0000;359,9795;410,0000;409,9898;
360,0000;359,9795;420,0000;419,9900;
360,0000;359,9796;430,0000;429,9904;
360,0000;359,9793;440,0000;439,9906;
360,0000;359,9791;450,0000;449,9901;
360,0000;359,9792;460,0000;459,9897;
360,0000;359,9793;470,0000;469,9898;
360,0000;359,9793;480,0000;479,9889;
360,0000;359,9794;490,0000;489,9882;
360,0000;359,9792;500,0000;499,9866;
360,0000;359,9790;510,0000;509,9848;
360,0000;359,9794;520,0000;519,9846;
360,0000;359,9792;530,0000;529,9844;
360,0000;359,9790;540,0000;539,9840;
360,0000;359,9793;550,0000;549,9842;
360,0000;359,9789;560,0000;559,9841;
360,0000;359,9791;570,0000;569,9845;
360,0000;359,9787;580,0000;579,9849;
360,0000;359,9785;590,0000;589,9853;
360,0000;359,9787;600,0000;599,9859;
360,0000;359,9784;610,0000;609,9852;
360,0000;359,9787;620,0000;619,9846;
360,0000;359,9779;630,0000;629,9837;
360,0000;359,9779;640,0000;639,9831;
360,0000;359,9779;650,0000;649,9823;
360,0000;359,9769;660,0000;659,9819;
360,0000;359,9765;670,0000;669,9816;
360,0000;359,9768;680,0000;679,9823;
370,0000;369,9844;0,0000;-0,0048;
370,0000;369,9846;10,0000;9,9954;
370,0000;369,9846;20,0000;19,9945;
370,0000;369,9847;30,0000;29,9938;
370,0000;369,9847;40,0000;39,9929;
370,0000;369,9844;50,0000;49,9924;
370,0000;369,9848;60,0000;59,9926;
370,0000;369,9850;70,0000;69,9923;
370,0000;369,9847;80,0000;79,9924;
370,0000;369,9844;90,0000;89,9924;
370,0000;369,9837;100,0000;99,9920;
370,0000;369,9832;110,0000;109,9914;
370,0000;369,9836;120,0000;119,9920;
370,0000;369,9834;130,0000;129,9919;
370,0000;369,9830;140,0000;139,9916;
370,0000;369,9826;150,0000;149,9910;
370,0000;369,9825;160,0000;159,9909;
370,0000;369,9829;170,0000;169,9912;
370,0000;369,9828;180,0000;179,9915;
370,0000;369,9828;190,0000;189,9921;
370,0000;369,9825;200,0000;199,9925;
370,0000;369,9827;210,0000;209,9928;
370,0000;369,9824;220,0000;219,9928;
370,0000;369,9821;230,0000;229,9922;
370,0000;369,9823;240,0000;239,9921;
370,0000;369,9821;250,0000;249,9916;
370,0000;369,9818;260,0000;259,9906;
370,0000;369,9810;270,0000;269,9892;
370,0000;369,9814;280,0000;279,9895;
370,0000;369,9809;290,0000;289,9896;
370,0000;369,9809;300,0000;299,9900;
370,0000;369,9801;310,0000;309,9893;
370,0000;369,9804;320,0000;319,9887;
370,0000;369,9799;330,0000;329,9886;
370,0000;369,9797;340,0000;339,9878;
370,0000;369,9792;350,0000;349,9875;
370,0000;369,9794;360,0000;359,9882;
370,0000;369,9789;370,0000;369,9879;
370,0000;369,9790;380,0000;379,9885;
370,0000;369,9790;390,0000;389,9887;
370,0000;369,9788;400,0000;399,9891;
370,0000;369,9788;410,0000;409,9897;
370,0000;369,9791;420,0000;419,9903;
370,0000;369,9793;430,0000;429,9904;
370,0000;369,9790;440,0000;439,9904;
370,0000;369,9793;450,0000;449,9904;
370,0000;369,9790;460,0000;459,9897;
370,0000;369,9791;470,0000;469,9893;
370,0000;369,9789;480,0000;479,9889;
370,0000;369,9786;490,0000;489,9875;
370,0000;369,9782;500,0000;499,9860;
370,0000;369,9786;510,0000;509,9848;
370,0000;369,9783;520,0000;519,9843;
370,0000;369,9783;530,0000;529,9836;
370,0000;369,9784;540,0000;539,9838;
370,0000;369,9782;550,0000;549,9838;
370,0000;369,9780;560,0000;559,9841;
370,0000;369,9777;570,0000;569,9842;
370,0000;369,9775;580,0000;579,9849;
370,0000;369,9777;590,0000;589,9856;
370,0000;369,9774;600,0000;599,9858;
370,0000;369,9777;610,0000;609,9858;
370,0000;369,9775;620,0000;619,9848;
370,0000;369,9777;630,0000;629,9837;
370,0000;369,9773;640,0000;639,9827;
370,0000;369,9765;650,0000;649,9820;
370,0000;369,9764;660,0000;659,9817;
370,0000;369,9762;670,0000;669,9816;
370,0000;369,9760;680,0000;679,9818;
380,0000;379,9839;0,0000;-0,0043;
380,0000;379,9837;10,0000;9,9955;
380,0000;379,9838;20,0000;19,9952;
380,0000;379,9838;30,0000;29,9940;
380,0000;379,9840;40,0000;39,9934;
380,0000;379,9836;50,0000;49,9928;
380,0000;379,9839;60,0000;59,9924;
380,0000;379,9839;70,0000;69,9926;
380,0000;379,9834;80,0000;79,9922;
380,0000;379,9828;90,0000;89,9922;
380,0000;379,9828;100,0000;99,9920;
380,0000;379,9828;110,0000;109,9920;
380,0000;379,9825;120,0000;119,9920;
380,0000;379,9825;130,0000;129,9923;
380,0000;379,9824;140,0000;139,9920;
380,0000;379,9819;150,0000;149,9917;
380,0000;379,9816;160,0000;159,9915;
380,0000;379,9814;170,0000;169,9916;
380,0000;379,9818;180,0000;179,9922;
380,0000;379,9816;190,0000;189,9926;
380,0000;379,9817;200,0000;199,9932;
380,0000;379,9817;210,0000;209,9927;
380,0000;379,9815;220,0000;219,9925;
380,0000;379,9813;230,0000;229,9925;
380,0000;379,9815;240,0000;239,9923;
380,0000;379,9810;250,0000;249,9913;
380,0000;379,9807;260,0000;259,9901;
380,0000;379,9803;270,0000;269,9891;
380,0000;379,9802;280,0000;279,9891;
380,0000;379,9798;290,0000;289,9898;
380,0000;379,9796;300,0000;299,9900;
380,0000;379,9793;310,0000;309,9898;
380,0000;379,9790;320,0000;319,9897;
380,0000;379,9784;330,0000;329,9887;
380,0000;379,9786;340,0000;339,9882;
380,0000;379,9781;350,0000;349,9876;
380,0000;379,9782;360,0000;359,9880;
380,0000;379,9781;370,0000;369,9885;
380,0000;379,9783;380,0000;379,9890;
380,0000;379,9784;390,0000;389,9894;
380,0000;379,9779;400,0000;399,9897;
380,0000;379,9781;410,0000;409,9901;
380,0000;379,9780;420,0000;419,9903;
380,0000;379,9779;430,0000;429,9906;
380,0000;379,9786;440,0000;439,9909;
380,0000;379,9781;450,0000;449,9900;
380,0000;379,9782;460,0000;459,9899;
380,0000;379,9780;470,0000;469,9893;
380,0000;379,9781;480,0000;479,9894;
380,0000;379,9777;490,0000;489,9874;
380,0000;379,9776;500,0000;499,9864;
380,0000;379,9776;510,0000;509,9850;
380,0000;379,9773;520,0000;519,9847;
380,0000;379,9770;530,0000;529,9844;
380,0000;379,9775;540,0000;539,9842;
380,0000;379,9771;550,0000;549,9840;
380,0000;379,9775;560,0000;559,9842;
380,0000;379,9767;570,0000;569,9848;
380,0000;379,9766;580,0000;579,9848;
380,0000;379,9765;590,0000;589,9857;
380,0000;379,9762;600,0000;599,9863;
380,0000;379,9768;610,0000;609,9860;
380,0000;379,9768;620,0000;619,9852;
380,0000;379,9763;630,0000;629,9840;
380,0000;379,9758;640,0000;639,9824;
380,0000;379,9758;650,0000;649,9823;
380,0000;379,9756;660,0000;659,9817;
380,0000;379,9753;670,0000;669,9817;
380,0000;379,9752;680,0000;679,9815;
390,0000;389,9824;0,0000;-0,0044;
390,0000;389,9830;10,0000;9,9958;
390,0000;389,9828;20,0000;19,9950;
390,0000;389,9828;30,0000;29,9942;
390,0000;389,9830;40,0000;39,9940;
390,0000;389,9826;50,0000;49,9933;
390,0000;389,9833;60,0000;59,9928;
390,0000;389,9832;70,0000;69,9930;
390,0000;389,9830;80,0000;79,9928;
390,0000;389,9828;90,0000;89,9929;
390,0000;389,9818;100,0000;99,9923;
390,0000;389,9823;110,0000;109,9926;
390,0000;389,9823;120,0000;119,9924;
390,0000;389,9813;130,0000;129,9924;
390,0000;389,9812;140,0000;139,9923;
390,0000;389,9809;150,0000;149,9910;
390,0000;389,9803;160,0000;159,9916;
390,0000;389,9800;170,0000;169,9917;
390,0000;389,9807;180,0000;179,9918;
390,0000;389,9805;190,0000;189,9925;
390,0000;389,9804;200,0000;199,9930;
390,0000;389,9806;210,0000;209,9932;
390,0000;389,9800;220,0000;219,9927;
390,0000;389,9807;230,0000;229,9927;
390,0000;389,9805;240,0000;239,9924;
390,0000;389,9800;250,0000;249,9915;
390,0000;389,9800;260,0000;259,9904;
390,0000;389,9798;270,0000;269,9894;
390,0000;389,9791;280,0000;279,9887;
390,0000;389,9791;290,0000;289,9897;
390,0000;389,9784;300,0000;299,9899;
390,0000;389,9780;310,0000;309,9892;
390,0000;389,9778;320,0000;319,9889;
390,0000;389,9783;330,0000;329,9896;
390,0000;389,9775;340,0000;339,9885;
390,0000;389,9776;350,0000;349,9881;
390,0000;389,9773;360,0000;359,9883;
390,0000;389,9774;370,0000;369,9890;
390,0000;389,9778;380,0000;379,9895;
390,0000;389,9772;390,0000;389,9899;
390,0000;389,9768;400,0000;399,9897;
390,0000;389,9766;410,0000;409,9899;
390,0000;389,9772;420,0000;419,9908;
390,0000;389,9768;430,0000;429,9906;
390,0000;389,9767;440,0000;439,9908;
390,0000;389,9773;450,0000;449,9906;
390,0000;389,9769;460,0000;459,9899;
390,0000;389,9775;470,0000;469,9899;
390,0000;389,9767;480,0000;479,9892;
390,0000;389,9769;490,0000;489,9884;
390,0000;389,9766;500,0000;499,9868;
390,0000;389,9771;510,0000;509,9858;
390,0000;389,9769;520,0000;519,9850;
390,0000;389,9769;530,0000;529,9846;
390,0000;389,9770;540,0000;539,9846;
390,0000;389,9766;550,0000;549,9849;
390,0000;389,9768;560,0000;559,9849;
390,0000;389,9761;570,0000;569,9852;
390,0000;389,9760;580,0000;579,9858;
390,0000;389,9757;590,0000;589,9867;
390,0000;389,9756;600,0000;599,9864;
390,0000;389,9761;610,0000;609,9866;
390,0000;389,9754;620,0000;619,9850;
390,0000;389,9752;630,0000;629,9841;
390,0000;389,9753;640,0000;639,9831;
390,0000;389,9751;650,0000;649,9822;
390,0000;389,9743;660,0000;659,9815;
390,0000;389,9744;670,0000;669,9820;
390,0000;389,9744;680,0000;679,9823;
400,0000;399,9816;0,0000;-0,0041;
400,0000;399,9818;10,0000;9,9960;
400,0000;399,9818;20,0000;19,9953;
400,0000;399,9814;30,0000;29,9946;
400,0000;399,9820;40,0000;39,9944;
400,0000;399,9821;50,0000;49,9941;
400,0000;399,9820;60,0000;59,9934;
400,0000;399,9824;70,0000;69,9930;
400,0000;399,9818;80,0000;79,9926;
400,0000;399,9816;90,0000;89,9928;
400,0000;399,9809;100,0000;99,9924;
400,0000;399,9810;110,0000;109,9925;
400,0000;399,9807;120,0000;119,9925;
400,0000;399,9804;130,0000;129,9923;
400,0000;399,9801;140,0000;139,9924;
400,0000;399,9807;150,0000;149,9913;
400,0000;399,9795;160,0000;159,9919;
400,0000;399,9792;170,0000;169,9919;
400,0000;399,9797;180,0000;179,9929;
400,0000;399,9796;190,0000;189,9933;
400,0000;399,9796;200,0000;199,9935;
400,0000;399,9796;210,0000;209,9936;
400,0000;399,9790;220,0000;219,9932;
400,0000;399,9787;230,0000;229,9929;
400,0000;399,9788;240,0000;239,9925;
400,0000;399,9788;250,0000;249,9915;
400,0000;399,9785;260,0000;259,9902;
400,0000;399,9785;270,0000;269,9896;
400,0000;399,9780;280,0000;279,9890;
400,0000;399,9783;290,0000;289,9895;
400,0000;399,9776;300,0000;299,9896;
400,0000;399,9776;310,0000;309,9899;
400,0000;399,9770;320,0000;319,9894;
400,0000;399,9766;330,0000;329,9887;
400,0000;399,9770;340,0000;339,9880;
400,0000;399,9769;350,0000;349,9884;
400,0000;399,9770;360,0000;359,9893;
400,0000;399,9769;370,0000;369,9896;
400,0000;399,9765;380,0000;379,9891;
400,0000;399,9762;390,0000;389,9892;
400,0000;399,9767;400,0000;399,9905;
400,0000;399,9760;410,0000;409,9905;
400,0000;399,9762;420,0000;419,9909;
400,0000;399,9764;430,0000;429,9911;
400,0000;399,9764;440,0000;439,9909;
400,0000;399,9763;450,0000;449,9908;
400,0000;399,9764;460,0000;459,9903;
400,0000;399,9761;470,0000;469,9899;
400,0000;399,9760;480,0000;479,9893;
400,0000;399,9761;490,0000;489,9884;
400,0000;399,9756;500,0000;499,9866;
400,0000;399,9761;510,0000;509,9858;
400,0000;399,9762;520,0000;519,9852;
400,0000;399,9758;530,0000;529,9846;
400,0000;399,9758;540,0000;539,9850;
400,0000;399,9758;550,0000;549,9850;
400,0000;399,9758;560,0000;559,9842;
400,0000;399,9753;570,0000;569,9852;
400,0000;399,9746;580,0000;579,9854;
400,0000;399,9741;590,0000;589,9864;
400,0000;399,9745;600,0000;599,9868;
400,0000;399,9747;610,0000;609,9861;
400,0000;399,9744;620,0000;619,9851;
400,0000;399,9736;630,0000;629,9836;
400,0000;399,9742;640,0000;639,9830;
400,0000;399,9734;650,0000;649,9823;
400,0000;399,9724;660,0000;659,9805;
400,0000;399,9730;670,0000;669,9815;
400,0000;399,9733;680,0000;679,9826;
410,0000;409,9815;0,0000;-0,0042;
410,0000;409,9817;10,0000;9,9964;
410,0000;409,9817;20,0000;19,9962;
410,0000;409,9814;30,0000;29,9951;
410,0000;409,9814;40,0000;39,9942;
410,0000;409,9814;50,0000;49,9941;
410,0000;409,9811;60,0000;59,9935;
410,0000;409,9816;70,0000;69,9931;
410,0000;409,9813;80,0000;79,9930;
410,0000;409,9808;90,0000;89,9930;
410,0000;409,9805;100,0000;99,9925;
410,0000;409,9804;110,0000;109,9928;
410,0000;409,9803;120,0000;119,9928;
410,0000;409,9802;130,0000;129,9929;
410,0000;409,9800;140,0000;139,9929;
410,0000;409,9797;150,0000;149,9924;
410,0000;409,9793;160,0000;159,9928;
410,0000;409,9789;170,0000;169,9925;
410,0000;409,9789;180,0000;179,9929;
410,0000;409,9789;190,0000;189,9932;
410,0000;409,9792;200,0000;199,9937;
410,0000;409,9784;210,0000;209,9934;
410,0000;409,9786;220,0000;219,9932;
410,0000;409,9781;230,0000;229,9926;
410,0000;409,9783;240,0000;239,9923;
410,0000;409,9782;250,0000;249,9918;
410,0000;409,9782;260,0000;259,9906;
410,0000;409,9782;270,0000;269,9898;
410,0000;409,9780;280,0000;279,9890;
410,0000;409,9780;290,0000;289,9901;
410,0000;409,9780;300,0000;299,9907;
410,0000;409,9773;310,0000;309,9903;
410,0000;409,9764;320,0000;319,9890;
410,0000;409,9763;330,0000;329,9888;
410,0000;409,9761;340,0000;339,9884;
410,0000;409,9763;350,0000;349,9882;
410,0000;409,9769;360,0000;359,9890;
410,0000;409,9768;370,0000;369,9900;
410,0000;409,9763;380,0000;379,9900;
410,0000;409,9760;390,0000;389,9902;
410,0000;409,9759;400,0000;399,9904;
410,0000;409,9760;410,0000;409,9908;
410,0000;409,9758;420,0000;419,9910;
410,0000;409,9760;430,0000;429,9916;
410,0000;409,9756;440,0000;439,9914;
410,0000;409,9757;450,0000;449,9911;
410,0000;409,9751;460,0000;459,9905;
410,0000;409,9752;470,0000;469,9901;
410,0000;409,9753;480,0000;479,9895;
410,0000;409,9751;490,0000;489,9884;
410,0000;409,9758;500,0000;499,9878;
410,0000;409,9759;510,0000;509,9865;
410,0000;409,9751;520,0000;519,9854;
410,0000;409,9754;530,0000;529,9859;
410,0000;409,9752;540,0000;539,9851;
410,0000;409,9755;550,0000;549,9850;
410,0000;409,9750;560,0000;559,9851;
410,0000;409,9745;570,0000;569,9849;
410,0000;409,9747;580,0000;579,9857;
410,0000;409,9741;590,0000;589,9865;
410,0000;409,9736;600,0000;599,9865;
410,0000;409,9736;610,0000;609,9859;
410,0000;409,9740;620,0000;619,9852;
410,0000;409,9736;630,0000;629,9841;
410,0000;409,9730;640,0000;639,9829;
410,0000;409,9730;650,0000;649,9829;
410,0000;409,9728;660,0000;659,9823;
410,0000;409,9726;670,0000;669,9825;
410,0000;409,9724;680,0000;679,9831;
420,0000;419,9817;0,0000;-0,0036;
420,0000;419,9819;10,0000;9,9968;
420,0000;419,9817;20,0000;19,9960;
420,0000;419,9820;30,0000;29,9954;
420,0000;419,9815;40,0000;39,9944;
420,0000;419,9816;50,0000;49,9942;
420,0000;419,9819;60,0000;59,9938;
420,0000;419,9815;70,0000;69,9937;
420,0000;419,9818;80,0000;79,9933;
420,0000;419,9816;90,0000;89,9932;
420,0000;419,9811;100,0000;99,9932;
420,0000;419,9808;110,0000;109,9929;
420,0000;419,9807;120,0000;119,9932;
420,0000;419,9808;130,0000;129,9932;
420,0000;419,9799;140,0000;139,9928;
420,0000;419,9794;150,0000;149,9923;
420,0000;419,9795;160,0000;159,9925;
420,0000;419,9793;170,0000;169,9929;
420,0000;419,9792;180,0000;179,9935;
420,0000;419,9790;190,0000;189,9937;
420,0000;419,9791;200,0000;199,9939;
420,0000;419,9791;210,0000;209,9938;
420,0000;419,9786;220,0000;219,9931;
420,0000;419,9782;230,0000;229,9928;
420,0000;419,9780;240,0000;239,9925;
420,0000;419,9782;250,0000;249,9912;
420,0000;419,9785;260,0000;259,9908;
420,0000;419,9778;270,0000;269,9896;
420,0000;419,9776;280,0000;279,9896;
420,0000;419,9782;290,0000;289,9903;
420,0000;419,9776;300,0000;299,9904;
420,0000;419,9774;310,0000;309,9904;
420,0000;419,9773;320,0000;319,9901;
420,0000;419,9764;330,0000;329,9894;
420,0000;419,9766;340,0000;339,9891;
420,0000;419,9766;350,0000;349,9895;
420,0000;419,9766;360,0000;359,9897;
420,0000;419,9766;370,0000;369,9900;
420,0000;419,9767;380,0000;379,9907;
420,0000;419,9772;390,0000;389,9912;
420,0000;419,9760;400,0000;399,9909;
420,0000;419,9760;410,0000;409,9912;
420,0000;419,9756;420,0000;419,9912;
420,0000;419,9761;430,0000;429,9917;
420,0000;419,9758;440,0000;439,9920;
420,0000;419,9762;450,0000;449,9917;
420,0000;419,9757;460,0000;459,9910;
420,0000;419,9756;470,0000;469,9908;
420,0000;419,9758;480,0000;479,9900;
420,0000;419,9757;490,0000;489,9894;
420,0000;419,9761;500,0000;499,9885;
420,0000;419,9762;510,0000;509,9880;
420,0000;419,9757;520,0000;519,9863;
420,0000;419,9759;530,0000;529,9858;
420,0000;419,9760;540,0000;539,9862;
420,0000;419,9759;550,0000;549,9856;
420,0000;419,9755;560,0000;559,9852;
420,0000;419,9754;570,0000;569,9855;
420,0000;419,9753;580,0000;579,9864;
420,0000;419,9747;590,0000;589,9868;
420,0000;419,9741;600,0000;599,9868;
420,0000;419,9743;610,0000;609,9866;
420,0000;419,9738;620,0000;619,9860;
420,0000;419,9734;630,0000;629,9845;
420,0000;419,9727;640,0000;639,9833;
420,0000;419,9719;650,0000;649,9821;
420,0000;419,9728;660,0000;659,9830;
420,0000;419,9731;670,0000;669,9833;
420,0000;419,9723;680,0000;679,9832;
430,0000;429,9814;0,0000;-0,0032;
430,0000;429,9817;10,0000;9,9968;
430,0000;429,9818;20,0000;19,9961;
430,0000;429,9819;30,0000;29,9953;
430,0000;429,9814;40,0000;39,9950;
430,0000;429,9816;50,0000;49,9951;
430,0000;429,9820;60,0000;59,9946;
430,0000;429,9826;70,0000;69,9947;
430,0000;429,9816;80,0000;79,9937;
430,0000;429,9810;90,0000;89,9935;
430,0000;429,9810;100,0000;99,9934;
430,0000;429,9807;110,0000;109,9929;
430,0000;429,9806;120,0000;119,9930;
430,0000;429,9805;130,0000;129,9933;
430,0000;429,9804;140,0000;139,9938;
430,0000;429,9798;150,0000;149,9929;
430,0000;429,9797;160,0000;159,9932;
430,0000;429,9798;170,0000;169,9941;
430,0000;429,9794;180,0000;179,9939;
430,0000;429,9801;190,0000;189,9945;
430,0000;429,9795;200,0000;199,9942;
430,0000;429,9791;210,0000;209,9938;
430,0000;429,9784;220,0000;219,9932;
430,0000;429,9782;230,0000;229,9931;
430,0000;429,9786;240,0000;239,9929;
430,0000;429,9778;250,0000;249,9917;
430,0000;429,9780;260,0000;259,9911;
430,0000;429,9779;270,0000;269,9899;
430,0000;429,9779;280,0000;279,9899;
430,0000;429,9774;290,0000;289,9900;
430,0000;429,9775;300,0000;299,9903;
430,0000;429,9781;310,0000;309,9909;
430,0000;429,9770;320,0000;319,9903;
430,0000;429,9773;330,0000;329,9900;
430,0000;429,9770;340,0000;339,9897;
430,0000;429,9769;350,0000;349,9900;
430,0000;429,9768;360,0000;359,9904;
430,0000;429,9764;370,0000;369,9905;
430,0000;429,9765;380,0000;379,9906;
430,0000;429,9769;390,0000;389,9912;
430,0000;429,9761;400,0000;399,9913;
430,0000;429,9762;410,0000;409,9919;
430,0000;429,9765;420,0000;419,9926;
430,0000;429,9763;430,0000;429,9924;
430,0000;429,9758;440,0000;439,9922;
430,0000;429,9752;450,0000;449,9916;
430,0000;429,9750;460,0000;459,9912;
430,0000;429,9750;470,0000;469,9906;
430,0000;429,9757;480,0000;479,9912;
430,0000;429,9756;490,0000;489,9899;
430,0000;429,9749;500,0000;499,9887;
430,0000;429,9754;510,0000;509,9871;
430,0000;429,9755;520,0000;519,9864;
430,0000;429,9758;530,0000;529,9867;
430,0000;429,9757;540,0000;539,9863;
430,0000;429,9757;550,0000;549,9864;
430,0000;429,9758;560,0000;559,9860;
430,0000;429,9751;570,0000;569,9857;
430,0000;429,9742;580,0000;579,9860;
430,0000;429,9741;590,0000;589,9867;
430,0000;429,9741;600,0000;599,9868;
430,0000;429,9745;610,0000;609,9860;
430,0000;429,9734;620,0000;619,9854;
430,0000;429,9731;630,0000;629,9844;
430,0000;429,9733;640,0000;639,9830;
430,0000;429,9724;650,0000;649,9826;
430,0000;429,9723;660,0000;659,9828;
430,0000;429,9719;670,0000;669,9832;
430,0000;429,9720;680,0000;679,9833;
440,0000;439,9815;0,0000;-0,0028;
440,0000;439,9821;10,0000;9,9973;
440,0000;439,9812;20,0000;19,9957;
440,0000;439,9815;30,0000;29,9959;
440,0000;439,9819;40,0000;39,9954;
440,0000;439,9813;50,0000;49,9946;
440,0000;439,9818;60,0000;59,9950;
440,0000;439,9822;70,0000;69,9942;
440,0000;439,9814;80,0000;79,9939;
440,0000;439,9810;90,0000;89,9936;
440,0000;439,9811;100,0000;99,9936;
440,0000;439,9810;110,0000;109,9937;
440,0000;439,9808;120,0000;119,9938;
440,0000;439,9806;130,0000;129,9939;
440,0000;439,9803;140,0000;139,9940;
440,0000;439,9798;150,0000;149,9936;
440,0000;439,9796;160,0000;159,9936;
440,0000;439,9795;170,0000;169,9941;
440,0000;439,9800;180,0000;179,9946;
440,0000;439,9798;190,0000;189,9942;
440,0000;439,9796;200,0000;199,9946;
440,0000;439,9790;210,0000;209,9937;
440,0000;439,9790;220,0000;219,9936;
440,0000;439,9782;230,0000;229,9929;
440,0000;439,9785;240,0000;239,9929;
440,0000;439,9784;250,0000;249,9924;
440,0000;439,9785;260,0000;259,9912;
440,0000;439,9783;270,0000;269,9904;
440,0000;439,9788;280,0000;279,9905;
440,0000;439,9784;290,0000;289,9910;
440,0000;439,9786;300,0000;299,9908;
440,0000;439,9788;310,0000;309,9905;
440,0000;439,9785;320,0000;319,9904;
440,0000;439,9776;330,0000;329,9901;
440,0000;439,9773;340,0000;339,9895;
440,0000;439,9772;350,0000;349,9903;
440,0000;439,9774;360,0000;359,9905;
440,0000;439,9771;370,0000;369,9911;
440,0000;439,9768;380,0000;379,9913;
440,0000;439,9766;390,0000;389,9915;
440,0000;439,9766;400,0000;399,9920;
440,0000;439,9762;410,0000;409,9920;
440,0000;439,9757;420,0000;419,9920;
440,0000;439,9760;430,0000;429,9923;
440,0000;439,9762;440,0000;439,9920;
440,0000;439,9760;450,0000;449,9919;
440,0000;439,9756;460,0000;459,9915;
440,0000;439,9758;470,0000;469,9909;
440,0000;439,9761;480,0000;479,9912;
440,0000;439,9762;490,0000;489,9905;
440,0000;439,9765;500,0000;499,9894;
440,0000;439,9762;510,0000;509,9877;
440,0000;439,9758;520,0000;519,9869;
440,0000;439,9764;530,0000;529,9869;
440,0000;439,9760;540,0000;539,9868;
440,0000;439,9764;550,0000;549,9873;
440,0000;439,9758;560,0000;559,9864;
440,0000;439,9754;570,0000;569,9864;
440,0000;439,9750;580,0000;579,9869;
440,0000;439,9750;590,0000;589,9872;
440,0000;439,9745;600,0000;599,9870;
440,0000;439,9744;610,0000;609,9868;
440,0000;439,9741;620,0000;619,9856;
440,0000;439,9736;630,0000;629,9841;
440,0000;439,9733;640,0000;639,9838;
440,0000;439,9732;650,0000;649,9836;
440,0000;439,9727;660,0000;659,9832;
440,0000;439,9727;670,0000;669,9835;
440,0000;439,9722;680,0000;679,9831;
450,0000;449,9825;0,0000;-0,0025;
450,0000;449,9827;10,0000;9,9980;
450,0000;449,9822;20,0000;19,9975;
450,0000;449,9818;30,0000;29,9961;
450,0000;449,9822;40,0000;39,9961;
450,0000;449,9826;50,0000;49,9960;
450,0000;449,9825;60,0000;59,9960;
450,0000;449,9828;70,0000;69,9953;
450,0000;449,9829;80,0000;79,9947;
450,0000;449,9824;90,0000;89,9941;
450,0000;449,9820;100,0000;99,9941;
450,0000;449,9817;110,0000;109,9942;
450,0000;449,9820;120,0000;119,9945;
450,0000;449,9818;130,0000;129,9950;
450,0000;449,9810;140,0000;139,9940;
450,0000;449,9806;150,0000;149,9943;
450,0000;449,9803;160,0000;159,9943;
450,0000;449,9805;170,0000;169,9948;
450,0000;449,9803;180,0000;179,9951;
450,0000;449,9805;190,0000;189,9950;
450,0000;449,9804;200,0000;199,9949;
450,0000;449,9800;210,0000;209,9943;
450,0000;449,9798;220,0000;219,9941;
450,0000;449,9791;230,0000;229,9936;
450,0000;449,9794;240,0000;239,9934;
450,0000;449,9797;250,0000;249,9933;
450,0000;449,9793;260,0000;259,9919;
450,0000;449,9795;270,0000;269,9912;
450,0000;449,9793;280,0000;279,9907;
450,0000;449,9797;290,0000;289,9912;
450,0000;449,9792;300,0000;299,9913;
450,0000;449,9791;310,0000;309,9913;
450,0000;449,9790;320,0000;319,9910;
450,0000;449,9787;330,0000;329,9906;
450,0000;449,9782;340,0000;339,9907;
450,0000;449,9778;350,0000;349,9909;
450,0000;449,9782;360,0000;359,9913;
450,0000;449,9777;370,0000;369,9918;
450,0000;449,9775;380,0000;379,9919;
450,0000;449,9769;390,0000;389,9915;
450,0000;449,9767;400,0000;399,9916;
450,0000;449,9768;410,0000;409,9927;
450,0000;449,9770;420,0000;419,9928;
450,0000;449,9768;430,0000;429,9926;
450,0000;449,9766;440,0000;439,9924;
450,0000;449,9758;450,0000;449,9920;
450,0000;449,9762;460,0000;459,9922;
450,0000;449,9765;470,0000;469,9917;
450,0000;449,9764;480,0000;479,9911;
450,0000;449,9768;490,0000;489,9914;
450,0000;449,9765;500,0000;499,9904;
450,0000;449,9762;510,0000;509,9886;
450,0000;449,9760;520,0000;519,9881;
450,0000;449,9761;530,0000;529,9876;
450,0000;449,9763;540,0000;539,9873;
450,0000;449,9760;550,0000;549,9870;
450,0000;449,9762;560,0000;559,9871;
450,0000;449,9756;570,0000;569,9866;
450,0000;449,9750;580,0000;579,9871;
450,0000;449,9749;590,0000;589,9870;
450,0000;449,9749;600,0000;599,9875;
450,0000;449,9747;610,0000;609,9874;
450,0000;449,9744;620,0000;619,9859;
450,0000;449,9738;630,0000;629,9843;
450,0000;449,9737;640,0000;639,9838;
450,0000;449,9730;650,0000;649,9836;
450,0000;449,9724;660,0000;659,9840;
450,0000;449,9731;670,0000;669,9841;
450,0000;449,9728;680,0000;679,9844;
460,0000;459,9824;0,0000;-0,0020;
460,0000;459,9831;10,0000;9,9982;
460,0000;459,9823;20,0000;19,9977;
460,0000;459,9825;30,0000;29,9973;
460,0000;459,9826;40,0000;39,9969;
460,0000;459,9826;50,0000;49,9965;
460,0000;459,9829;60,0000;59,9963;
460,0000;459,9833;70,0000;69,9956;
460,0000;459,9827;80,0000;79,9948;
460,0000;459,9829;90,0000;89,9944;
460,0000;459,9823;100,0000;99,9942;
460,0000;459,9819;110,0000;109,9942;
460,0000;459,9819;120,0000;119,9946;
460,0000;459,9816;130,0000;129,9945;
460,0000;459,9816;140,0000;139,9947;
460,0000;459,9806;150,0000;149,9947;
460,0000;459,9803;160,0000;159,9950;
460,0000;459,9800;170,0000;169,9951;
460,0000;459,9802;180,0000;179,9957;
460,0000;459,9803;190,0000;189,9962;
460,0000;459,9800;200,0000;199,9955;
460,0000;459,9798;210,0000;209,9951;
460,0000;459,9796;220,0000;219,9940;
460,0000;459,9793;230,0000;229,9939;
460,0000;459,9795;240,0000;239,9938;
460,0000;459,9795;250,0000;249,9932;
460,0000;459,9799;260,0000;259,9927;
460,0000;459,9792;270,0000;269,9915;
460,0000;459,9797;280,0000;279,9915;
460,0000;459,9796;290,0000;289,9921;
460,0000;459,9799;300,0000;299,9921;
460,0000;459,9793;310,0000;309,9917;
460,0000;459,9790;320,0000;319,9912;
460,0000;459,9788;330,0000;329,9911;
460,0000;459,9785;340,0000;339,9909;
460,0000;459,9781;350,0000;349,9912;
460,0000;459,9776;360,0000;359,9915;
460,0000;459,9778;370,0000;369,9920;
460,0000;459,9776;380,0000;379,9920;
460,0000;459,9773;390,0000;389,9925;
460,0000;459,9767;400,0000;399,9927;
460,0000;459,9766;410,0000;409,9928;
460,0000;459,9767;420,0000;419,9930;
460,0000;459,9765;430,0000;429,9928;
460,0000;459,9764;440,0000;439,9926;
460,0000;459,9762;450,0000;449,9924;
460,0000;459,9761;460,0000;459,9927;
460,0000;459,9756;470,0000;469,9927;
460,0000;459,9758;480,0000;479,9940;
460,0000;459,9760;490,0000;489,9920;
460,0000;459,9758;500,0000;499,9907;
460,0000;459,9752;510,0000;509,9888;
460,0000;459,9756;520,0000;519,9885;
460,0000;459,9755;530,0000;529,9884;
460,0000;459,9755;540,0000;539,9880;
460,0000;459,9754;550,0000;549,9878;
460,0000;459,9756;560,0000;559,9876;
460,0000;459,9750;570,0000;569,9874;
460,0000;459,9744;580,0000;579,9872;
460,0000;459,9737;590,0000;589,9873;
460,0000;459,9744;600,0000;599,9873;
460,0000;459,9742;610,0000;609,9870;
460,0000;459,9733;620,0000;619,9855;
460,0000;459,9739;630,0000;629,9851;
460,0000;459,9732;640,0000;639,9839;
460,0000;459,9732;650,0000;649,9833;
460,0000;459,9730;660,0000;659,9845;
460,0000;459,9726;670,0000;669,9840;
460,0000;459,9725;680,0000;679,9844;
470,0000;469,9828;0,0000;-0,0020;
470,0000;469,9835;10,0000;9,9986;
470,0000;469,9826;20,0000;19,9982;
470,0000;469,9824;30,0000;29,9974;
470,0000;469,9820;40,0000;39,9969;
470,0000;469,9825;50,0000;49,9967;
470,0000;469,9826;60,0000;59,9964;
470,0000;469,9829;70,0000;69,9956;
470,0000;469,9829;80,0000;79,9952;
470,0000;469,9826;90,0000;89,9948;
470,0000;469,9829;100,0000;99,9947;
470,0000;469,9827;110,0000;109,9948;
470,0000;469,9824;120,0000;119,9952;
470,0000;469,9817;130,0000;129,9949;
470,0000;469,9814;140,0000;139,9962;
470,0000;469,9806;150,0000;149,9947;
470,0000;469,9799;160,0000;159,9947;
470,0000;469,9797;170,0000;169,9954;
470,0000;469,9801;180,0000;179,9964;
470,0000;469,9800;190,0000;189,9958;
470,0000;469,9797;200,0000;199,9957;
470,0000;469,9794;210,0000;209,9948;
470,0000;469,9795;220,0000;219,9947;
470,0000;469,9794;230,0000;229,9944;
470,0000;469,9798;240,0000;239,9943;
470,0000;469,9804;250,0000;249,9940;
470,0000;469,9802;260,0000;259,9928;
470,0000;469,9799;270,0000;269,9920;
470,0000;469,9802;280,0000;279,9924;
470,0000;469,9800;290,0000;289,9923;
470,0000;469,9801;300,0000;299,9924;
470,0000;469,9798;310,0000;309,9919;
470,0000;469,9794;320,0000;319,9916;
470,0000;469,9786;330,0000;329,9912;
470,0000;469,9779;340,0000;339,9907;
470,0000;469,9777;350,0000;349,9912;
470,0000;469,9775;360,0000;359,9918;
470,0000;469,9775;370,0000;369,9919;
470,0000;469,9773;380,0000;379,9926;
470,0000;469,9770;390,0000;389,9926;
470,0000;469,9769;400,0000;399,9929;
470,0000;469,9770;410,0000;409,9933;
470,0000;469,9765;420,0000;419,9931;
470,0000;469,9766;430,0000;429,9931;
470,0000;469,9767;440,0000;439,9929;
470,0000;469,9763;450,0000;449,9929;
470,0000;469,9757;460,0000;459,9937;
470,0000;469,9759;470,0000;469,9927;
470,0000;469,9760;480,0000;479,9935;
470,0000;469,9764;490,0000;489,9928;
470,0000;469,9760;500,0000;499,9910;
470,0000;469,9761;510,0000;509,9900;
470,0000;469,9760;520,0000;519,9894;
470,0000;469,9759;530,0000;529,9891;
470,0000;469,9760;540,0000;539,9888;
470,0000;469,9763;550,0000;549,9885;
470,0000;469,9758;560,0000;559,9877;
470,0000;469,9750;570,0000;569,9874;
470,0000;469,9749;580,0000;579,9874;
470,0000;469,9741;590,0000;589,9874;
470,0000;469,9744;600,0000;599,9877;
470,0000;469,9744;610,0000;609,9872;
470,0000;469,9741;620,0000;619,9863;
470,0000;469,9738;630,0000;629,9849;
470,0000;469,9740;640,0000;639,9846;
470,0000;469,9733;650,0000;649,9844;
470,0000;469,9736;660,0000;659,9842;
470,0000;469,9729;670,0000;669,9843;
470,0000;469,9730;680,0000;679,9851;
480,0000;479,9826;0,0000;-0,0018;
480,0000;479,9821;10,0000;9,9985;
480,0000;479,9822;20,0000;19,9983;
480,0000;479,9819;30,0000;29,9977;
480,0000;479,9818;40,0000;39,9974;
480,0000;479,9821;50,0000;49,9972;
480,0000;479,9826;60,0000;59,9972;
480,0000;479,9819;70,0000;69,9966;
480,0000;479,9824;80,0000;79,9954;
480,0000;479,9819;90,0000;89,9949;
480,0000;479,9815;100,0000;99,9948;
480,0000;479,9814;110,0000;109,9948;
480,0000;479,9816;120,0000;119,9951;
480,0000;479,9816;130,0000;129,9956;
480,0000;479,9813;140,0000;139,9955;
480,0000;479,9804;150,0000;149,9954;
480,0000;479,9799;160,0000;159,9954;
480,0000;479,9795;170,0000;169,9957;
480,0000;479,9795;180,0000;179,9965;
480,0000;479,9796;190,0000;189,9964;
480,0000;479,9795;200,0000;199,9962;
480,0000;479,9790;210,0000;209,9956;
480,0000;479,9790;220,0000;219,9949;
480,0000;479,9789;230,0000;229,9948;
480,0000;479,9791;240,0000;239,9949;
480,0000;479,9791;250,0000;249,9941;
480,0000;479,9794;260,0000;259,9934;
480,0000;479,9793;270,0000;269,9926;
480,0000;479,9795;280,0000;279,9922;
480,0000;479,9794;290,0000;289,9925;
480,0000;479,9796;300,0000;299,9926;
480,0000;479,9788;310,0000;309,9919;
480,0000;479,9786;320,0000;319,9916;
480,0000;479,9778;330,0000;329,9908;
480,0000;479,9774;340,0000;339,9912;
480,0000;479,9770;350,0000;349,9909;
480,0000;479,9766;360,0000;359,9922;
480,0000;479,9771;370,0000;369,9928;
480,0000;479,9763;380,0000;379,9925;
480,0000;479,9758;390,0000;389,9927;
480,0000;479,9754;400,0000;399,9929;
480,0000;479,9760;410,0000;409,9936;
480,0000;479,9760;420,0000;419,9932;
480,0000;479,9764;430,0000;429,9939;
480,0000;479,9755;440,0000;439,9932;
480,0000;479,9758;450,0000;449,9932;
480,0000;479,9756;460,0000;459,9932;
480,0000;479,9752;470,0000;469,9928;
480,0000;479,9757;480,0000;479,9933;
480,0000;479,9760;490,0000;489,9926;
480,0000;479,9762;500,0000;499,9907;
480,0000;479,9752;510,0000;509,9901;
480,0000;479,9743;520,0000;519,9891;
480,0000;479,9748;530,0000;529,9892;
480,0000;479,9752;540,0000;539,9893;
480,0000;479,9750;550,0000;549,9886;
480,0000;479,9748;560,0000;559,9880;
480,0000;479,9743;570,0000;569,9873;
480,0000;479,9740;580,0000;579,9876;
480,0000;479,9735;590,0000;589,9877;
480,0000;479,9739;600,0000;599,9877;
480,0000;479,9743;610,0000;609,9881;
480,0000;479,9737;620,0000;619,9865;
480,0000;479,9731;630,0000;629,9849;
480,0000;479,9730;640,0000;639,9843;
480,0000;479,9730;650,0000;649,9844;
480,0000;479,9732;660,0000;659,9838;
480,0000;479,9734;670,0000;669,9852;
480,0000;479,9722;680,0000;679,9845;
490,0000;489,9825;0,0000;-0,0014;
490,0000;489,9828;10,0000;9,9990;
490,0000;489,9826;20,0000;19,9987;
490,0000;489,9825;30,0000;29,9986;
490,0000;489,9824;40,0000;39,9983;
490,0000;489,9822;50,0000;49,9980;
490,0000;489,9824;60,0000;59,9979;
490,0000;489,9825;70,0000;69,9971;
490,0000;489,9822;80,0000;79,9962;
490,0000;489,9821;90,0000;89,9959;
490,0000;489,9820;100,0000;99,9954;
490,0000;489,9817;110,0000;109,9952;
490,0000;489,9820;120,0000;119,9956;
490,0000;489,9820;130,0000;129,9958;
490,0000;489,9818;140,0000;139,9962;
490,0000;489,9816;150,0000;149,9960;
490,0000;489,9803;160,0000;159,9963;
490,0000;489,9799;170,0000;169,9960;
490,0000;489,9800;180,0000;179,9968;
490,0000;489,9795;190,0000;189,9967;
490,0000;489,9791;200,0000;199,9967;
490,0000;489,9790;210,0000;209,9952;
490,0000;489,9792;220,0000;219,9956;
490,0000;489,9788;230,0000;229,9950;
490,0000;489,9793;240,0000;239,9951;
490,0000;489,9794;250,0000;249,9946;
490,0000;489,9797;260,0000;259,9944;
490,0000;489,9792;270,0000;269,9928;
490,0000;489,9794;280,0000;279,9929;
490,0000;489,9795;290,0000;289,9930;
490,0000;489,9791;300,0000;299,9926;
490,0000;489,9794;310,0000;309,9924;
490,0000;489,9785;320,0000;319,9919;
490,0000;489,9777;330,0000;329,9910;
490,0000;489,9775;340,0000;339,9911;
490,0000;489,9771;350,0000;349,9914;
490,0000;489,9767;360,0000;359,9922;
490,0000;489,9768;370,0000;369,9928;
490,0000;489,9766;380,0000;379,9934;
490,0000;489,9763;390,0000;389,9928;
490,0000;489,9760;400,0000;399,9938;
490,0000;489,9756;410,0000;409,9943;
490,0000;489,9761;420,0000;419,9947;
490,0000;489,9757;430,0000;429,9937;
490,0000;489,9755;440,0000;439,9936;
490,0000;489,9759;450,0000;449,9936;
490,0000;489,9758;460,0000;459,9936;
490,0000;489,9760;470,0000;469,9936;
490,0000;489,9759;480,0000;479,9935;
490,0000;489,9759;490,0000;489,9927;
490,0000;489,9757;500,0000;499,9920;
490,0000;489,9754;510,0000;509,9906;
490,0000;489,9752;520,0000;519,9902;
490,0000;489,9752;530,0000;529,9900;
490,0000;489,9747;540,0000;539,9896;
490,0000;489,9750;550,0000;549,9893;
490,0000;489,9755;560,0000;559,9883;
490,0000;489,9744;570,0000;569,9880;
490,0000;489,9737;580,0000;579,9881;
490,0000;489,9736;590,0000;589,9883;
490,0000;489,9734;600,0000;599,9882;
490,0000;489,9740;610,0000;609,9880;
490,0000;489,9737;620,0000;619,9867;
490,0000;489,9735;630,0000;629,9855;
490,0000;489,9729;640,0000;639,9849;
490,0000;489,9732;650,0000;649,9846;
490,0000;489,9728;660,0000;659,9848;
490,0000;489,9732;670,0000;669,9854;
490,0000;489,9726;680,0000;679,9853;
500,0000;499,9834;0,0000;-0,0008;
500,0000;499,9835;10,0000;9,9991;
500,0000;499,9826;20,0000;19,9987;
500,0000;499,9824;30,0000;29,9985;
500,0000;499,9825;40,0000;39,9982;
500,0000;499,9824;50,0000;49,9978;
500,0000;499,9819;60,0000;59,9974;
500,0000;499,9826;70,0000;69,9978;
500,0000;499,9821;80,0000;79,9968;
500,0000;499,9821;90,0000;89,9961;
500,0000;499,9819;100,0000;99,9960;
500,0000;499,9820;110,0000;109,9956;
500,0000;499,9821;120,0000;119,9961;
500,0000;499,9822;130,0000;129,9970;
500,0000;499,9817;140,0000;139,9965;
500,0000;499,9812;150,0000;149,9960;
500,0000;499,9807;160,0000;159,9964;
500,0000;499,9803;170,0000;169,9965;
500,0000;499,9800;180,0000;179,9969;
500,0000;499,9797;190,0000;189,9965;
500,0000;499,9798;200,0000;199,9967;
500,0000;499,9793;210,0000;209,9961;
500,0000;499,9789;220,0000;219,9952;
500,0000;499,9796;230,0000;229,9956;
500,0000;499,9798;240,0000;239,9953;
500,0000;499,9795;250,0000;249,9953;
500,0000;499,9800;260,0000;259,9947;
500,0000;499,9793;270,0000;269,9932;
500,0000;499,9793;280,0000;279,9931;
500,0000;499,9795;290,0000;289,9930;
500,0000;499,9794;300,0000;299,9930;
500,0000;499,9793;310,0000;309,9923;
500,0000;499,9783;320,0000;319,9914;
500,0000;499,9779;330,0000;329,9906;
500,0000;499,9775;340,0000;339,9911;
500,0000;499,9772;350,0000;349,9914;
500,0000;499,9769;360,0000;359,9922;
500,0000;499,9771;370,0000;369,9932;
500,0000;499,9769;380,0000;379,9936;
500,0000;499,9758;390,0000;389,9936;
500,0000;499,9759;400,0000;399,9944;
500,0000;499,9761;410,0000;409,9945;
500,0000;499,9761;420,0000;419,9946;
500,0000;499,9758;430,0000;429,9943;
500,0000;499,9762;440,0000;439,9944;
500,0000;499,9757;450,0000;449,9938;
500,0000;499,9756;460,0000;459,9940;
500,0000;499,9764;470,0000;469,9937;
500,0000;499,9764;480,0000;479,9940;
500,0000;499,9759;490,0000;489,9936;
500,0000;499,9758;500,0000;499,9922;
500,0000;499,9754;510,0000;509,9906;
500,0000;499,9749;520,0000;519,9902;
500,0000;499,9751;530,0000;529,9903;
500,0000;499,9747;540,0000;539,9902;
500,0000;499,9751;550,0000;549,9899;
500,0000;499,9750;560,0000;559,9893;
500,0000;499,9745;570,0000;569,9885;
500,0000;499,9740;580,0000;579,9885;
500,0000;499,9739;590,0000;589,9888;
500,0000;499,9734;600,0000;599,9887;
500,0000;499,9740;610,0000;609,9884;
500,0000;499,9735;620,0000;619,9868;
500,0000;499,9736;630,0000;629,9864;
500,0000;499,9734;640,0000;639,9854;
500,0000;499,9733;650,0000;649,9855;
500,0000;499,9733;660,0000;659,9855;
500,0000;499,9729;670,0000;669,9856;
500,0000;499,9728;680,0000;679,9854;
510,0000;509,9842;0,0000;-0,0010;
510,0000;509,9844;10,0000;9,9993;
510,0000;509,9843;20,0000;19,9996;
510,0000;509,9837;30,0000;29,9987;
510,0000;509,9833;40,0000;39,9987;
510,0000;509,9832;50,0000;49,9984;
510,0000;509,9833;60,0000;59,9982;
510,0000;509,9834;70,0000;69,9979;
510,0000;509,9833;80,0000;79,9974;
510,0000;509,9826;90,0000;89,9964;
510,0000;509,9821;100,0000;99,9962;
510,0000;509,9825;110,0000;109,9963;
510,0000;509,9825;120,0000;119,9966;
510,0000;509,9828;130,0000;129,9971;
510,0000;509,9825;140,0000;139,9968;
510,0000;509,9823;150,0000;149,9965;
510,0000;509,9814;160,0000;159,9963;
510,0000;509,9807;170,0000;169,9962;
510,0000;509,9806;180,0000;179,9969;
510,0000;509,9810;190,0000;189,9975;
510,0000;509,9810;200,0000;199,9974;
510,0000;509,9802;210,0000;209,9966;
510,0000;509,9799;220,0000;219,9960;
510,0000;509,9798;230,0000;229,9961;
510,0000;509,9805;240,0000;239,9959;
510,0000;509,9805;250,0000;249,9956;
510,0000;509,9802;260,0000;259,9950;
510,0000;509,9799;270,0000;269,9935;
510,0000;509,9800;280,0000;279,9935;
510,0000;509,9797;290,0000;289,9933;
510,0000;509,9799;300,0000;299,9934;
510,0000;509,9795;310,0000;309,9924;
510,0000;509,9795;320,0000;319,9918;
510,0000;509,9784;330,0000;329,9911;
510,0000;509,9783;340,0000;339,9914;
510,0000;509,9781;350,0000;349,9916;
510,0000;509,9778;360,0000;359,9928;
510,0000;509,9775;370,0000;369,9934;
510,0000;509,9770;380,0000;379,9939;
510,0000;509,9769;390,0000;389,9940;
510,0000;509,9766;400,0000;399,9936;
510,0000;509,9765;410,0000;409,9954;
510,0000;509,9768;420,0000;419,9952;
510,0000;509,9768;430,0000;429,9956;
510,0000;509,9769;440,0000;439,9952;
510,0000;509,9765;450,0000;449,9944;
510,0000;509,9766;460,0000;459,9944;
510,0000;509,9766;470,0000;469,9944;
510,0000;509,9769;480,0000;479,9943;
510,0000;509,9764;490,0000;489,9939;
510,0000;509,9762;500,0000;499,9928;
510,0000;509,9760;510,0000;509,9910;
510,0000;509,9756;520,0000;519,9905;
510,0000;509,9751;530,0000;529,9908;
510,0000;509,9758;540,0000;539,9907;
510,0000;509,9756;550,0000;549,9897;
510,0000;509,9752;560,0000;559,9900;
510,0000;509,9747;570,0000;569,9890;
510,0000;509,9747;580,0000;579,9891;
510,0000;509,9741;590,0000;589,9888;
510,0000;509,9723;600,0000;599,9887;
510,0000;509,9739;610,0000;609,9887;
510,0000;509,9740;620,0000;619,9878;
510,0000;509,9740;630,0000;629,9865;
510,0000;509,9733;640,0000;639,9854;
510,0000;509,9737;650,0000;649,9859;
510,0000;509,9734;660,0000;659,9860;
510,0000;509,9731;670,0000;669,9861;
510,0000;509,9731;680,0000;679,9857;
520,0000;519,9849;0,0000;-0,0008;
520,0000;519,9853;10,0000;9,9996;
520,0000;519,9858;20,0000;19,9995;
520,0000;519,9843;30,0000;29,9990;
520,0000;519,9836;40,0000;39,9986;
520,0000;519,9837;50,0000;49,9989;
520,0000;519,9837;60,0000;59,9986;
520,0000;519,9831;70,0000;69,9982;
520,0000;519,9830;80,0000;79,9977;
520,0000;519,9827;90,0000;89,9972;
520,0000;519,9824;100,0000;99,9968;
520,0000;519,9825;110,0000;109,9969;
520,0000;519,9824;120,0000;119,9972;
520,0000;519,9826;130,0000;129,9976;
520,0000;519,9828;140,0000;139,9976;
520,0000;519,9818;150,0000;149,9968;
520,0000;519,9818;160,0000;159,9967;
520,0000;519,9809;170,0000;169,9972;
520,0000;519,9808;180,0000;179,9971;
520,0000;519,9811;190,0000;189,9977;
520,0000;519,9808;200,0000;199,9975;
520,0000;519,9804;210,0000;209,9970;
520,0000;519,9801;220,0000;219,9965;
520,0000;519,9803;230,0000;229,9962;
520,0000;519,9799;240,0000;239,9961;
520,0000;519,9809;250,0000;249,9962;
520,0000;519,9805;260,0000;259,9952;
520,0000;519,9798;270,0000;269,9944;
520,0000;519,9798;280,0000;279,9938;
520,0000;519,9799;290,0000;289,9936;
520,0000;519,9799;300,0000;299,9934;
520,0000;519,9794;310,0000;309,9923;
520,0000;519,9796;320,0000;319,9922;
520,0000;519,9793;330,0000;329,9920;
520,0000;519,9781;340,0000;339,9917;
520,0000;519,9780;350,0000;349,9917;
520,0000;519,9776;360,0000;359,9927;
520,0000;519,9775;370,0000;369,9933;
520,0000;519,9776;380,0000;379,9940;
520,0000;519,9776;390,0000;389,9942;
520,0000;519,9768;400,0000;399,9950;
520,0000;519,9767;410,0000;409,9957;
520,0000;519,9765;420,0000;419,9955;
520,0000;519,9768;430,0000;429,9955;
520,0000;519,9770;440,0000;439,9955;
520,0000;519,9767;450,0000;449,9945;
520,0000;519,9773;460,0000;459,9950;
520,0000;519,9768;470,0000;469,9946;
520,0000;519,9772;480,0000;479,9947;
520,0000;519,9773;490,0000;489,9944;
520,0000;519,9767;500,0000;499,9928;
520,0000;519,9762;510,0000;509,9913;
520,0000;519,9760;520,0000;519,9912;
520,0000;519,9764;530,0000;529,9915;
520,0000;519,9758;540,0000;539,9914;
520,0000;519,9763;550,0000;549,9907;
520,0000;519,9756;560,0000;559,9898;
520,0000;519,9751;570,0000;569,9892;
520,0000;519,9745;580,0000;579,9895;
520,0000;519,9744;590,0000;589,9893;
520,0000;519,9745;600,0000;599,9889;
520,0000;519,9748;610,0000;609,9891;
520,0000;519,9742;620,0000;619,9881;
520,0000;519,9738;630,0000;629,9865;
520,0000;519,9741;640,0000;639,9862;
520,0000;519,9736;650,0000;649,9859;
520,0000;519,9739;660,0000;659,9865;
520,0000;519,9735;670,0000;669,9858;
520,0000;519,9733;680,0000;679,9859;
530,0000;529,9852;0,0000;-0,0002;
530,0000;529,9853;10,0000;10,0003;
530,0000;529,9848;20,0000;20,0000;
530,0000;529,9838;30,0000;29,9991;
530,0000;529,9836;40,0000;39,9989;
530,0000;529,9834;50,0000;49,9989;
530,0000;529,9831;60,0000;59,9987;
530,0000;529,9831;70,0000;69,9985;
530,0000;529,9829;80,0000;79,9979;
530,0000;529,9826;90,0000;89,9974;
530,0000;529,9818;100,0000;99,9971;
530,0000;529,9822;110,0000;109,9978;
530,0000;529,9825;120,0000;119,9982;
530,0000;529,9820;130,0000;129,9982;
530,0000;529,9818;140,0000;139,9981;
530,0000;529,9813;150,0000;149,9973;
530,0000;529,9808;160,0000;159,9973;
530,0000;529,9808;170,0000;169,9974;
530,0000;529,9803;180,0000;179,9978;
530,0000;529,9804;190,0000;189,9982;
530,0000;529,9802;200,0000;199,9978;
530,0000;529,9796;210,0000;209,9977;
530,0000;529,9797;220,0000;219,9971;
530,0000;529,9804;230,0000;229,9975;
530,0000;529,9801;240,0000;239,9970;
530,0000;529,9804;250,0000;249,9969;
530,0000;529,9801;260,0000;259,9960;
530,0000;529,9794;270,0000;269,9948;
530,0000;529,9793;280,0000;279,9945;
530,0000;529,9791;290,0000;289,9943;
530,0000;529,9789;300,0000;299,9937;
530,0000;529,9790;310,0000;309,9931;
530,0000;529,9792;320,0000;319,9930;
530,0000;529,9785;330,0000;329,9920;
530,0000;529,9783;340,0000;339,9918;
530,0000;529,9781;350,0000;349,9921;
530,0000;529,9783;360,0000;359,9934;
530,0000;529,9782;370,0000;369,9942;
530,0000;529,9778;380,0000;379,9944;
530,0000;529,9767;390,0000;389,9945;
530,0000;529,9765;400,0000;399,9950;
530,0000;529,9759;410,0000;409,9953;
530,0000;529,9767;420,0000;419,9960;
530,0000;529,9765;430,0000;429,9963;
530,0000;529,9766;440,0000;439,9956;
530,0000;529,9765;450,0000;449,9953;
530,0000;529,9768;460,0000;459,9956;
530,0000;529,9772;470,0000;469,9954;
530,0000;529,9768;480,0000;479,9947;
530,0000;529,9775;490,0000;489,9949;
530,0000;529,9770;500,0000;499,9935;
530,0000;529,9763;510,0000;509,9920;
530,0000;529,9759;520,0000;519,9915;
530,0000;529,9759;530,0000;529,9917;
530,0000;529,9760;540,0000;539,9916;
530,0000;529,9757;550,0000;549,9909;
530,0000;529,9749;560,0000;559,9903;
530,0000;529,9750;570,0000;569,9898;
530,0000;529,9738;580,0000;579,9891;
530,0000;529,9737;590,0000;589,9895;
530,0000;529,9737;600,0000;599,9894;
530,0000;529,9740;610,0000;609,9891;
530,0000;529,9739;620,0000;619,9883;
530,0000;529,9732;630,0000;629,9867;
530,0000;529,9732;640,0000;639,9867;
530,0000;529,9727;650,0000;649,9861;
530,0000;529,9733;660,0000;659,9863;
530,0000;529,9731;670,0000;669,9859;
530,0000;529,9731;680,0000;679,9865;
540,0000;539,9836;0,0000;-0,0002;
540,0000;539,9842;10,0000;10,0004;
540,0000;539,9835;20,0000;19,9996;
540,0000;539,9836;30,0000;29,9996;
540,0000;539,9826;40,0000;39,9987;
540,0000;539,9824;50,0000;49,9994;
540,0000;539,9824;60,0000;59,9991;
540,0000;539,9826;70,0000;69,9990;
540,0000;539,9816;80,0000;79,9984;
540,0000;539,9812;90,0000;89,9978;
540,0000;539,9805;100,0000;99,9980;
540,0000;539,9807;110,0000;109,9977;
540,0000;539,9807;120,0000;119,9983;
540,0000;539,9804;130,0000;129,9988;
540,0000;539,9802;140,0000;139,9985;
540,0000;539,9796;150,0000;149,9981;
540,0000;539,9791;160,0000;159,9972;
540,0000;539,9794;170,0000;169,9980;
540,0000;539,9792;180,0000;179,9982;
540,0000;539,9794;190,0000;189,9983;
540,0000;539,9788;200,0000;199,9985;
540,0000;539,9790;210,0000;209,9980;
540,0000;539,9782;220,0000;219,9972;
540,0000;539,9784;230,0000;229,9973;
540,0000;539,9785;240,0000;239,9975;
540,0000;539,9781;250,0000;249,9966;
540,0000;539,9782;260,0000;259,9959;
540,0000;539,9778;270,0000;269,9943;
540,0000;539,9774;280,0000;279,9942;
540,0000;539,9778;290,0000;289,9950;
540,0000;539,9778;300,0000;299,9941;
540,0000;539,9779;310,0000;309,9938;
540,0000;539,9781;320,0000;319,9934;
540,0000;539,9775;330,0000;329,9923;
540,0000;539,9772;340,0000;339,9919;
540,0000;539,9772;350,0000;349,9928;
540,0000;539,9774;360,0000;359,9937;
540,0000;539,9771;370,0000;369,9945;
540,0000;539,9765;380,0000;379,9942;
540,0000;539,9760;390,0000;389,9946;
540,0000;539,9757;400,0000;399,9952;
540,0000;539,9758;410,0000;409,9961;
540,0000;539,9755;420,0000;419,9966;
540,0000;539,9764;430,0000;429,9973;
540,0000;539,9755;440,0000;439,9969;
540,0000;539,9758;450,0000;449,9961;
540,0000;539,9756;460,0000;459,9958;
540,0000;539,9758;470,0000;469,9958;
540,0000;539,9759;480,0000;479,9953;
540,0000;539,9755;490,0000;489,9944;
540,0000;539,9757;500,0000;499,9939;
540,0000;539,9748;510,0000;509,9923;
540,0000;539,9742;520,0000;519,9918;
540,0000;539,9743;530,0000;529,9921;
540,0000;539,9743;540,0000;539,9917;
540,0000;539,9742;550,0000;549,9915;
540,0000;539,9736;560,0000;559,9906;
540,0000;539,9730;570,0000;569,9901;
540,0000;539,9727;580,0000;579,9894;
540,0000;539,9720;590,0000;589,9900;
540,0000;539,9720;600,0000;599,9897;
540,0000;539,9719;610,0000;609,9894;
540,0000;539,9719;620,0000;619,9885;
540,0000;539,9718;630,0000;629,9877;
540,0000;539,9708;640,0000;639,9863;
540,0000;539,9713;650,0000;649,9872;
540,0000;539,9714;660,0000;659,9870;
540,0000;539,9710;670,0000;669,9865;
540,0000;539,9715;680,0000;679,9867;
550,0000;549,9821;0,0000;0,0000;
550,0000;549,9825;10,0000;10,0005;
550,0000;549,9819;20,0000;19,9999;
550,0000;549,9814;30,0000;29,9993;
550,0000;549,9811;40,0000;39,9989;
550,0000;549,9806;50,0000;49,9992;
550,0000;549,9802;60,0000;59,9989;
550,0000;549,9799;70,0000;69,9986;
550,0000;549,9795;80,0000;79,9982;
550,0000;549,9787;90,0000;89,9979;
550,0000;549,9782;100,0000;99,9978;
550,0000;549,9783;110,0000;109,9982;
550,0000;549,9783;120,0000;119,9986;
550,0000;549,9781;130,0000;129,9989;
550,0000;549,9781;140,0000;139,9990;
550,0000;549,9774;150,0000;149,9982;
550,0000;549,9771;160,0000;159,9984;
550,0000;549,9766;170,0000;169,9980;
550,0000;549,9770;180,0000;179,9984;
550,0000;549,9772;190,0000;189,9985;
550,0000;549,9768;200,0000;199,9983;
550,0000;549,9768;210,0000;209,9981;
550,0000;549,9763;220,0000;219,9973;
550,0000;549,9761;230,0000;229,9976;
550,0000;549,9760;240,0000;239,9971;
550,0000;549,9760;250,0000;249,9966;
550,0000;549,9758;260,0000;259,9958;
550,0000;549,9752;270,0000;269,9950;
550,0000;549,9756;280,0000;279,9954;
550,0000;549,9757;290,0000;289,9951;
550,0000;549,9762;300,0000;299,9953;
550,0000;549,9758;310,0000;309,9948;
550,0000;549,9750;320,0000;319,9932;
550,0000;549,9754;330,0000;329,9927;
550,0000;549,9752;340,0000;339,9926;
550,0000;549,9750;350,0000;349,9925;
550,0000;549,9756;360,0000;359,9934;
550,0000;549,9753;370,0000;369,9943;
550,0000;549,9748;380,0000;379,9942;
550,0000;549,9745;390,0000;389,9947;
550,0000;549,9737;400,0000;399,9952;
550,0000;549,9742;410,0000;409,9968;
550,0000;549,9738;420,0000;419,9966;
550,0000;549,9741;430,0000;429,9971;
550,0000;549,9738;440,0000;439,9968;
550,0000;549,9738;450,0000;449,9964;
550,0000;549,9740;460,0000;459,9963;
550,0000;549,9738;470,0000;469,9961;
550,0000;549,9740;480,0000;479,9956;
550,0000;549,9742;490,0000;489,9951;
550,0000;549,9737;500,0000;499,9937;
550,0000;549,9730;510,0000;509,9924;
550,0000;549,9726;520,0000;519,9917;
550,0000;549,9722;530,0000;529,9921;
550,0000;549,9719;540,0000;539,9920;
550,0000;549,9721;550,0000;549,9920;
550,0000;549,9717;560,0000;559,9906;
550,0000;549,9714;570,0000;569,9905;
550,0000;549,9705;580,0000;579,9901;
550,0000;549,9702;590,0000;589,9904;
550,0000;549,9703;600,0000;599,9907;
550,0000;549,9702;610,0000;609,9898;
550,0000;549,9703;620,0000;619,9886;
550,0000;549,9699;630,0000;629,9878;
550,0000;549,9681;640,0000;639,9879;
550,0000;549,9697;650,0000;649,9872;
550,0000;549,9696;660,0000;659,9873;
550,0000;549,9694;670,0000;669,9871;
550,0000;549,9698;680,0000;679,9872;
560,0000;559,9802;0,0000;0,0002;
560,0000;559,9800;10,0000;10,0007;
560,0000;559,9794;20,0000;20,0006;
560,0000;559,9790;30,0000;29,9996;
560,0000;559,9784;40,0000;39,9989;
560,0000;559,9783;50,0000;49,9992;
560,0000;559,9780;60,0000;59,9994;
560,0000;559,9776;70,0000;69,9989;
560,0000;559,9771;80,0000;79,9983;
560,0000;559,9763;90,0000;89,9980;
560,0000;559,9758;100,0000;99,9983;
560,0000;559,9759;110,0000;109,9985;
560,0000;559,9760;120,0000;119,9990;
560,0000;559,9757;130,0000;129,9995;
560,0000;559,9753;140,0000;139,9990;
560,0000;559,9746;150,0000;149,9984;
560,0000;559,9740;160,0000;159,9983;
560,0000;559,9739;170,0000;169,9984;
560,0000;559,9746;180,0000;179,9989;
560,0000;559,9745;190,0000;189,9988;
560,0000;559,9746;200,0000;199,9993;
560,0000;559,9741;210,0000;209,9986;
560,0000;559,9737;220,0000;219,9978;
560,0000;559,9737;230,0000;229,9976;
560,0000;559,9736;240,0000;239,9975;
560,0000;559,9739;250,0000;249,9969;
560,0000;559,9736;260,0000;259,9958;
560,0000;559,9732;270,0000;269,9951;
560,0000;559,9732;280,0000;279,9950;
560,0000;559,9734;290,0000;289,9955;
560,0000;559,9730;300,0000;299,9951;
560,0000;559,9736;310,0000;309,9951;
560,0000;559,9735;320,0000;319,9940;
560,0000;559,9732;330,0000;329,9932;
560,0000;559,9729;340,0000;339,9924;
560,0000;559,9730;350,0000;349,9927;
560,0000;559,9735;360,0000;359,9937;
560,0000;559,9738;370,0000;369,9948;
560,0000;559,9727;380,0000;379,9940;
560,0000;559,9727;390,0000;389,9951;
560,0000;559,9722;400,0000;399,9955;
560,0000;559,9723;410,0000;409,9966;
560,0000;559,9722;420,0000;419,9970;
560,0000;559,9720;430,0000;429,9970;
560,0000;559,9729;440,0000;439,9974;
560,0000;559,9720;450,0000;449,9968;
560,0000;559,9721;460,0000;459,9967;
560,0000;559,9718;470,0000;469,9962;
560,0000;559,9720;480,0000;479,9958;
560,0000;559,9721;490,0000;489,9950;
560,0000;559,9715;500,0000;499,9939;
560,0000;559,9708;510,0000;509,9925;
560,0000;559,9704;520,0000;519,9922;
560,0000;559,9702;530,0000;529,9924;
560,0000;559,9698;540,0000;539,9918;
560,0000;559,9695;550,0000;549,9917;
560,0000;559,9694;560,0000;559,9914;
560,0000;559,9686;570,0000;569,9904;
560,0000;559,9686;580,0000;579,9905;
560,0000;559,9683;590,0000;589,9899;
560,0000;559,9680;600,0000;599,9904;
560,0000;559,9684;610,0000;609,9900;
560,0000;559,9682;620,0000;619,9882;
560,0000;559,9677;630,0000;629,9876;
560,0000;559,9673;640,0000;639,9868;
560,0000;559,9670;650,0000;649,9870;
560,0000;559,9675;660,0000;659,9874;
560,0000;559,9675;670,0000;669,9872;
560,0000;559,9676;680,0000;679,9873;
570,0000;569,9779;0,0000;0,0003;
570,0000;569,9783;10,0000;10,0010;
570,0000;569,9780;20,0000;20,0001;
570,0000;569,9773;30,0000;29,9991;
570,0000;569,9767;40,0000;39,9991;
570,0000;569,9763;50,0000;49,9990;
570,0000;569,9767;60,0000;59,9991;
570,0000;569,9758;70,0000;69,9986;
570,0000;569,9754;80,0000;79,9984;
570,0000;569,9743;90,0000;89,9981;
570,0000;569,9735;100,0000;99,9979;
570,0000;569,9745;110,0000;109,9987;
570,0000;569,9738;120,0000;119,9991;
570,0000;569,9736;130,0000;129,9992;
570,0000;569,9738;140,0000;139,9996;
570,0000;569,9726;150,0000;149,9985;
570,0000;569,9724;160,0000;159,9981;
570,0000;569,9728;170,0000;169,9991;
570,0000;569,9728;180,0000;179,9993;
570,0000;569,9730;190,0000;189,9994;
570,0000;569,9728;200,0000;199,9995;
570,0000;569,9725;210,0000;209,9988;
570,0000;569,9721;220,0000;219,9980;
570,0000;569,9720;230,0000;229,9974;
570,0000;569,9723;240,0000;239,9973;
570,0000;569,9722;250,0000;249,9968;
570,0000;569,9718;260,0000;259,9963;
570,0000;569,9716;270,0000;269,9952;
570,0000;569,9717;280,0000;279,9952;
570,0000;569,9716;290,0000;289,9956;
570,0000;569,9718;300,0000;299,9958;
570,0000;569,9718;310,0000;309,9951;
570,0000;569,9720;320,0000;319,9945;
570,0000;569,9716;330,0000;329,9935;
570,0000;569,9718;340,0000;339,9931;
570,0000;569,9716;350,0000;349,9932;
570,0000;569,9725;360,0000;359,9945;
570,0000;569,9720;370,0000;369,9945;
570,0000;569,9720;380,0000;379,9948;
570,0000;569,9711;390,0000;389,9952;
570,0000;569,9709;400,0000;399,9957;
570,0000;569,9711;410,0000;409,9967;
570,0000;569,9710;420,0000;419,9976;
570,0000;569,9711;430,0000;429,9979;
570,0000;569,9713;440,0000;439,9979;
570,0000;569,9708;450,0000;449,9970;
570,0000;569,9704;460,0000;459,9963;
570,0000;569,9704;470,0000;469,9954;
570,0000;569,9706;480,0000;479,9956;
570,0000;569,9700;490,0000;489,9951;
570,0000;569,9696;500,0000;499,9936;
570,0000;569,9691;510,0000;509,9927;
570,0000;569,9684;520,0000;519,9917;
570,0000;569,9681;530,0000;529,9921;
570,0000;569,9681;540,0000;539,9918;
570,0000;569,9682;550,0000;549,9920;
570,0000;569,9674;560,0000;559,9910;
570,0000;569,9672;570,0000;569,9904;
570,0000;569,9669;580,0000;579,9904;
570,0000;569,9664;590,0000;589,9904;
570,0000;569,9667;600,0000;599,9906;
570,0000;569,9665;610,0000;609,9902;
570,0000;569,9664;620,0000;619,9886;
570,0000;569,9661;630,0000;629,9881;
570,0000;569,9659;640,0000;639,9868;
570,0000;569,9658;650,0000;649,9871;
570,0000;569,9663;660,0000;659,9880;
570,0000;569,9665;670,0000;669,9876;
570,0000;569,9665;680,0000;679,9874;
580,0000;579,9780;0,0000;0,0006;
580,0000;579,9781;10,0000;10,0011;
580,0000;579,9775;20,0000;20,0000;
580,0000;579,9765;30,0000;29,9994;
580,0000;579,9762;40,0000;39,9988;
580,0000;579,9761;50,0000;49,9991;
580,0000;579,9757;60,0000;59,9984;
580,0000;579,9750;70,0000;69,9983;
580,0000;579,9744;80,0000;79,9980;
580,0000;579,9741;90,0000;89,9982;
580,0000;579,9735;100,0000;99,9981;
580,0000;579,9734;110,0000;109,9992;
580,0000;579,9731;120,0000;119,9996;
580,0000;579,9733;130,0000;130,0001;
580,0000;579,9728;140,0000;139,9996;
580,0000;579,9723;150,0000;149,9993;
580,0000;579,9717;160,0000;159,9997;
580,0000;579,9717;170,0000;169,9996;
580,0000;579,9717;180,0000;180,0000;
580,0000;579,9718;190,0000;190,0000;
580,0000;579,9715;200,0000;199,9997;
580,0000;579,9716;210,0000;209,9995;
580,0000;579,9709;220,0000;219,9985;
580,0000;579,9711;230,0000;229,9980;
580,0000;579,9714;240,0000;239,9976;
580,0000;579,9716;250,0000;249,9977;
580,0000;579,9713;260,0000;259,9966;
580,0000;579,9713;270,0000;269,9961;
580,0000;579,9708;280,0000;279,9964;
580,0000;579,9712;290,0000;289,9967;
580,0000;579,9715;300,0000;299,9969;
580,0000;579,9716;310,0000;309,9964;
580,0000;579,9716;320,0000;319,9950;
580,0000;579,9713;330,0000;329,9942;
580,0000;579,9710;340,0000;339,9932;
580,0000;579,9714;350,0000;349,9938;
580,0000;579,9715;360,0000;359,9946;
580,0000;579,9714;370,0000;369,9950;
580,0000;579,9716;380,0000;379,9952;
580,0000;579,9707;390,0000;389,9950;
580,0000;579,9703;400,0000;399,9960;
580,0000;579,9707;410,0000;409,9970;
580,0000;579,9708;420,0000;419,9978;
580,0000;579,9712;430,0000;429,9979;
580,0000;579,9707;440,0000;439,9980;
580,0000;579,9702;450,0000;449,9969;
580,0000;579,9702;460,0000;459,9963;
580,0000;579,9699;470,0000;469,9967;
580,0000;579,9704;480,0000;479,9966;
580,0000;579,9700;490,0000;489,9955;
580,0000;579,9703;500,0000;499,9947;
580,0000;579,9692;510,0000;509,9925;
580,0000;579,9687;520,0000;519,9921;
580,0000;579,9685;530,0000;529,9923;
580,0000;579,9681;540,0000;539,9923;
580,0000;579,9683;550,0000;549,9924;
580,0000;579,9677;560,0000;559,9915;
580,0000;579,9674;570,0000;569,9913;
580,0000;579,9669;580,0000;579,9910;
580,0000;579,9666;590,0000;589,9913;
580,0000;579,9664;600,0000;599,9911;
580,0000;579,9670;610,0000;609,9907;
580,0000;579,9668;620,0000;619,9897;
580,0000;579,9662;630,0000;629,9881;
580,0000;579,9663;640,0000;639,9883;
580,0000;579,9661;650,0000;649,9878;
580,0000;579,9670;660,0000;659,9885;
580,0000;579,9662;670,0000;669,9881;
580,0000;579,9669;680,0000;679,9884;
590,0000;589,9784;0,0000;0,0004;
590,0000;589,9788;10,0000;10,0011;
590,0000;589,9779;20,0000;19,9999;
590,0000;589,9775;30,0000;29,9988;
590,0000;589,9770;40,0000;39,9985;
590,0000;589,9768;50,0000;49,9986;
590,0000;589,9764;60,0000;59,9985;
590,0000;589,9760;70,0000;69,9981;
590,0000;589,9756;80,0000;79,9979;
590,0000;589,9751;90,0000;89,9984;
590,0000;589,9744;100,0000;99,9987;
590,0000;589,9746;110,0000;109,9990;
590,0000;589,9747;120,0000;120,0001;
590,0000;589,9745;130,0000;130,0000;
590,0000;589,9738;140,0000;140,0000;
590,0000;589,9731;150,0000;149,9995;
590,0000;589,9728;160,0000;159,9992;
590,0000;589,9724;170,0000;169,9994;
590,0000;589,9727;180,0000;180,0002;
590,0000;589,9729;190,0000;190,0003;
590,0000;589,9727;200,0000;200,0000;
590,0000;589,9722;210,0000;209,9995;
590,0000;589,9722;220,0000;219,9986;
590,0000;589,9725;230,0000;229,9980;
590,0000;589,9726;240,0000;239,9979;
590,0000;589,9729;250,0000;249,9979;
590,0000;589,9727;260,0000;259,9972;
590,0000;589,9721;270,0000;269,9960;
590,0000;589,9716;280,0000;279,9958;
590,0000;589,9727;290,0000;289,9969;
590,0000;589,9726;300,0000;299,9968;
590,0000;589,9728;310,0000;309,9962;
590,0000;589,9727;320,0000;319,9954;
590,0000;589,9722;330,0000;329,9942;
590,0000;589,9720;340,0000;339,9939;
590,0000;589,9726;350,0000;349,9942;
590,0000;589,9730;360,0000;359,9949;
590,0000;589,9730;370,0000;369,9947;
590,0000;589,9723;380,0000;379,9951;
590,0000;589,9723;390,0000;389,9945;
590,0000;589,9723;400,0000;399,9961;
590,0000;589,9718;410,0000;409,9970;
590,0000;589,9721;420,0000;419,9977;
590,0000;589,9722;430,0000;429,9981;
590,0000;589,9718;440,0000;439,9983;
590,0000;589,9712;450,0000;449,9976;
590,0000;589,9710;460,0000;459,9967;
590,0000;589,9711;470,0000;469,9968;
590,0000;589,9708;480,0000;479,9959;
590,0000;589,9716;490,0000;489,9958;
590,0000;589,9710;500,0000;499,9937;
590,0000;589,9705;510,0000;509,9928;
590,0000;589,9699;520,0000;519,9921;
590,0000;589,9696;530,0000;529,9919;
590,0000;589,9692;540,0000;539,9925;
590,0000;589,9690;550,0000;549,9917;
590,0000;589,9689;560,0000;559,9915;
590,0000;589,9685;570,0000;569,9914;
590,0000;589,9679;580,0000;579,9908;
590,0000;589,9675;590,0000;589,9910;
590,0000;589,9679;600,0000;599,9914;
590,0000;589,9681;610,0000;609,9909;
590,0000;589,9680;620,0000;619,9898;
590,0000;589,9677;630,0000;629,9884;
590,0000;589,9675;640,0000;639,9880;
590,0000;589,9676;650,0000;649,9881;
590,0000;589,9677;660,0000;659,9883;
590,0000;589,9678;670,0000;669,9881;
590,0000;589,9678;680,0000;679,9875;
600,0000;599,9801;0,0000;0,0004;
600,0000;599,9798;10,0000;9,9999;
600,0000;599,9790;20,0000;19,9991;
600,0000;599,9790;30,0000;29,9990;
600,0000;599,9781;40,0000;39,9981;
600,0000;599,9778;50,0000;49,9981;
600,0000;599,9780;60,0000;59,9985;
600,0000;599,9777;70,0000;69,9985;
600,0000;599,9772;80,0000;79,9979;
600,0000;599,9768;90,0000;89,9982;
600,0000;599,9754;100,0000;99,9986;
600,0000;599,9755;110,0000;109,9985;
600,0000;599,9757;120,0000;119,9998;
600,0000;599,9757;130,0000;130,0002;
600,0000;599,9754;140,0000;139,9998;
600,0000;599,9747;150,0000;149,9998;
600,0000;599,9740;160,0000;159,9996;
600,0000;599,9745;170,0000;169,9999;
600,0000;599,9740;180,0000;180,0004;
600,0000;599,9745;190,0000;190,0008;
600,0000;599,9739;200,0000;200,0006;
600,0000;599,9734;210,0000;209,9997;
600,0000;599,9732;220,0000;219,9987;
600,0000;599,9730;230,0000;229,9979;
600,0000;599,9734;240,0000;239,9986;
600,0000;599,9743;250,0000;249,9982;
600,0000;599,9739;260,0000;259,9972;
600,0000;599,9739;270,0000;269,9970;
600,0000;599,9738;280,0000;279,9965;
600,0000;599,9740;290,0000;289,9969;
600,0000;599,9745;300,0000;299,9973;
600,0000;599,9740;310,0000;309,9964;
600,0000;599,9742;320,0000;319,9961;
600,0000;599,9742;330,0000;329,9952;
600,0000;599,9738;340,0000;339,9943;
600,0000;599,9740;350,0000;349,9949;
600,0000;599,9740;360,0000;359,9950;
600,0000;599,9744;370,0000;369,9954;
600,0000;599,9741;380,0000;379,9956;
600,0000;599,9735;390,0000;389,9954;
600,0000;599,9736;400,0000;399,9966;
600,0000;599,9731;410,0000;409,9971;
600,0000;599,9731;420,0000;419,9980;
600,0000;599,9723;430,0000;429,9975;
600,0000;599,9732;440,0000;439,9979;
600,0000;599,9727;450,0000;449,9973;
600,0000;599,9724;460,0000;459,9970;
600,0000;599,9720;470,0000;469,9963;
600,0000;599,9721;480,0000;479,9962;
600,0000;599,9726;490,0000;489,9958;
600,0000;599,9722;500,0000;499,9945;
600,0000;599,9715;510,0000;509,9926;
600,0000;599,9708;520,0000;519,9919;
600,0000;599,9709;530,0000;529,9922;
600,0000;599,9709;540,0000;539,9922;
600,0000;599,9711;550,0000;549,9922;
600,0000;599,9707;560,0000;559,9918;
600,0000;599,9700;570,0000;569,9911;
600,0000;599,9693;580,0000;579,9910;
600,0000;599,9692;590,0000;589,9914;
600,0000;599,9686;600,0000;599,9917;
600,0000;599,9692;610,0000;609,9913;
600,0000;599,9694;620,0000;619,9898;
600,0000;599,9686;630,0000;629,9885;
600,0000;599,9683;640,0000;639,9881;
600,0000;599,9691;650,0000;649,9889;
600,0000;599,9690;660,0000;659,9887;
600,0000;599,9692;670,0000;669,9888;
600,0000;599,9691;680,0000;679,9883;
